order_id,order_date,customer_id,channel,product_id,quantity,status
1,2025-11-14,344,App,16,2,concluído
2,2025-06-06,34,App,55,1,concluído
3,2025-05-18,298,Marketplace,11,1,concluído
4,2025-07-13,205,Marketplace,8,4,concluído
5,2025-12-25,303,Site,35,1,concluído
6,2025-05-26,181,App,35,2,concluído
7,2026-07-03,64,Marketplace,34,1,concluído
8,2025-10-15,301,Marketplace,9,3,concluído
9,2026-06-02,253,Site,30,3,concluído
10,2026-02-14,186,App,56,2,concluído
11,2025-07-20,150,App,6,4,concluído
12,2025-05-17,138,Site,48,2,concluído
13,2026-03-23,193,Marketplace,8,3,concluído
14,2025-07-18,105,Site,15,2,concluído
15,2025-05-29,113,App,54,3,concluído
16,2026-07-13,112,Site,18,1,concluído
17,2025-10-17,6,Marketplace,32,2,concluído
18,2025-01-30,372,Site,23,3,concluído
19,2025-10-24,95,Marketplace,37,4,concluído
20,2025-10-04,67,App,25,2,concluído
21,2026-06-03,61,App,27,2,concluído
22,2026-03-03,396,Site,50,2,concluído
23,2025-04-25,191,Site,34,2,concluído
24,2025-04-01,131,Marketplace,34,4,concluído
25,2025-12-29,162,Site,49,3,concluído
26,2025-01-29,36,App,26,2,concluído
27,2025-07-11,126,App,50,2,concluído
28,2025-03-24,100,Site,44,3,concluído
29,2025-01-13,322,App,54,3,concluído
30,2026-07-06,24,Site,28,2,concluído
31,2025-02-23,171,App,34,4,concluído
32,2025-01-06,317,App,8,2,cancelado
33,2026-07-14,334,Site,7,2,concluído
34,2025-04-23,206,App,7,1,concluído
35,2026-05-05,90,Site,38,2,concluído
36,2025-01-19,135,Site,20,4,concluído
37,2025-04-03,89,Site,18,4,concluído
38,2025-03-08,265,Site,37,2,concluído
39,2026-02-28,118,Marketplace,24,1,cancelado
40,2026-01-08,253,Marketplace,9,3,concluído
41,2025-10-13,263,App,34,3,concluído
42,2025-05-25,376,App,34,4,concluído
43,2025-02-23,149,Site,9,3,concluído
44,2025-12-08,385,Site,17,1,cancelado
45,2025-05-19,161,Site,15,4,concluído
46,2025-12-21,273,Site,42,3,cancelado
47,2026-02-17,265,Marketplace,15,4,concluído
48,2026-05-25,328,App,2,1,concluído
49,2025-10-24,188,Site,17,2,cancelado
50,2025-01-03,317,App,29,2,concluído
51,2025-06-18,143,Site,47,2,concluído
52,2026-05-28,197,Site,4,4,concluído
53,2025-11-16,200,Site,53,1,concluído
54,2026-01-07,282,App,20,1,concluído
55,2025-10-02,248,Marketplace,21,1,concluído
56,2025-04-08,32,Marketplace,1,4,concluído
57,2026-06-23,324,Site,17,1,concluído
58,2026-04-09,304,Marketplace,29,3,concluído
59,2026-08-21,42,Site,38,1,concluído
60,2026-05-29,385,Marketplace,47,2,concluído
61,2025-06-24,265,App,32,3,concluído
62,2025-06-02,34,App,7,1,concluído
63,2025-05-30,197,App,24,1,concluído
64,2026-07-06,335,App,45,3,concluído
65,2025-12-01,112,Site,39,1,concluído
66,2025-09-30,374,App,36,2,concluído
67,2026-08-04,168,Site,31,3,concluído
68,2025-12-29,91,App,31,1,concluído
69,2026-06-30,143,App,60,1,concluído
70,2026-08-14,210,Marketplace,36,2,concluído
71,2025-02-17,276,Site,36,3,concluído
72,2025-08-05,372,Marketplace,21,1,concluído
73,2026-03-17,78,Site,30,2,concluído
74,2026-05-03,385,App,43,4,concluído
75,2025-03-31,212,Site,52,2,concluído
76,2025-07-11,52,Site,47,2,concluído
77,2025-11-25,371,App,40,3,concluído
78,2026-04-25,140,Marketplace,47,2,concluído
79,2025-03-09,249,Site,2,2,concluído
80,2025-12-27,280,Site,17,4,concluído
81,2025-06-27,6,Site,15,1,concluído
82,2025-05-10,89,Site,40,3,concluído
83,2025-11-06,275,App,46,2,concluído
84,2025-09-06,130,Marketplace,9,4,concluído
85,2026-01-17,4,Site,12,3,concluído
86,2025-07-10,10,App,30,4,concluído
87,2026-05-09,331,App,59,1,concluído
88,2025-02-16,62,Site,1,1,concluído
89,2026-06-02,41,Marketplace,53,4,concluído
90,2025-01-18,225,Marketplace,12,2,concluído
91,2026-03-18,48,Site,17,4,concluído
92,2025-07-27,262,Marketplace,38,3,concluído
93,2025-08-19,218,Site,44,2,concluído
94,2025-01-12,260,App,53,1,concluído
95,2026-02-26,197,Site,1,1,concluído
96,2025-04-10,312,App,3,3,concluído
97,2026-01-31,258,App,29,1,concluído
98,2026-03-12,167,Site,34,1,concluído
99,2026-05-23,7,App,16,1,cancelado
100,2026-03-01,110,Marketplace,39,4,concluído
101,2025-06-30,53,Marketplace,16,3,concluído
102,2026-03-20,7,App,56,3,concluído
103,2026-05-11,110,Site,11,3,concluído
104,2025-07-10,83,Site,40,3,concluído
105,2025-03-16,31,App,32,2,concluído
106,2026-06-19,125,App,7,2,concluído
107,2025-03-30,203,App,37,3,concluído
108,2025-12-23,72,App,9,4,cancelado
109,2025-05-22,110,App,33,4,concluído
110,2025-03-17,9,App,39,3,concluído
111,2026-04-11,21,App,5,4,concluído
112,2025-03-28,63,Marketplace,13,4,concluído
113,2026-02-07,182,App,18,3,concluído
114,2026-02-20,267,App,56,4,concluído
115,2025-02-06,316,Site,14,1,concluído
116,2025-04-14,252,App,56,1,concluído
117,2026-04-22,247,Site,33,2,concluído
118,2025-11-01,375,App,57,1,concluído
119,2025-03-14,103,Site,50,2,concluído
120,2026-08-19,320,Site,18,1,concluído
121,2025-06-08,375,Site,34,4,concluído
122,2025-01-03,228,Site,44,3,concluído
123,2026-07-09,337,Site,5,1,concluído
124,2025-01-10,56,App,40,3,concluído
125,2025-11-29,352,App,28,3,concluído
126,2026-08-19,226,Site,3,2,concluído
127,2025-12-13,89,App,53,4,concluído
128,2025-12-17,25,App,16,4,concluído
129,2025-08-21,288,Site,53,4,concluído
130,2025-03-18,173,App,13,1,concluído
131,2025-12-10,125,App,33,2,concluído
132,2026-06-23,157,Site,23,4,concluído
133,2025-02-24,397,App,54,2,concluído
134,2026-06-13,172,Marketplace,58,2,concluído
135,2025-09-07,32,Marketplace,47,2,concluído
136,2025-11-18,112,Marketplace,51,2,concluído
137,2025-04-10,59,Site,47,3,concluído
138,2026-01-09,275,App,18,1,concluído
139,2025-04-20,321,Site,56,4,concluído
140,2025-06-13,337,Site,32,3,concluído
141,2026-03-09,254,Site,21,1,concluído
142,2025-01-31,308,App,12,4,concluído
143,2025-09-26,167,App,43,3,concluído
144,2025-12-23,252,App,17,2,concluído
145,2025-03-21,43,App,40,2,concluído
146,2025-06-26,216,App,4,3,concluído
147,2025-07-26,223,Marketplace,39,1,concluído
148,2026-02-03,13,App,39,3,concluído
149,2026-08-10,220,Site,32,3,cancelado
150,2026-05-17,290,Marketplace,40,2,concluído
151,2025-04-24,148,App,60,2,concluído
152,2025-01-11,218,Site,51,3,concluído
153,2025-02-01,115,Site,27,3,concluído
154,2025-12-24,109,App,53,2,concluído
155,2025-04-04,52,Site,58,4,concluído
156,2025-05-19,132,Marketplace,10,4,concluído
157,2026-05-24,322,Site,22,2,concluído
158,2026-06-09,375,Marketplace,45,3,concluído
159,2026-05-19,255,Marketplace,31,4,concluído
160,2025-06-02,250,App,9,1,concluído
161,2026-01-07,246,Site,29,3,concluído
162,2026-01-02,191,Site,23,4,concluído
163,2025-04-22,170,Site,45,1,cancelado
164,2025-11-29,249,Site,31,2,concluído
165,2025-11-12,314,Site,9,4,concluído
166,2025-08-26,166,Marketplace,3,4,concluído
167,2026-03-27,227,App,18,4,concluído
168,2026-02-11,189,Site,10,3,concluído
169,2025-11-16,115,App,53,1,concluído
170,2026-03-12,117,Site,17,1,concluído
171,2026-04-03,32,Marketplace,39,4,concluído
172,2025-12-07,176,Marketplace,8,3,concluído
173,2025-06-10,285,Site,27,1,concluído
174,2026-04-01,275,Site,57,1,concluído
175,2026-03-07,395,App,39,1,concluído
176,2026-08-14,16,App,18,4,concluído
177,2025-03-31,305,App,45,4,cancelado
178,2025-09-09,319,Marketplace,31,4,concluído
179,2026-07-09,175,App,15,1,concluído
180,2025-11-05,114,Marketplace,60,3,concluído
181,2026-07-20,143,App,57,4,concluído
182,2025-01-08,274,Site,34,3,concluído
183,2025-01-22,345,Site,2,4,concluído
184,2026-04-23,258,Site,25,3,concluído
185,2025-08-04,206,Site,31,1,concluído
186,2025-11-09,262,Site,56,2,concluído
187,2025-09-14,29,Marketplace,44,2,concluído
188,2025-09-02,244,Site,14,1,concluído
189,2026-07-18,17,App,31,3,concluído
190,2025-02-26,384,App,11,4,cancelado
191,2026-04-09,356,Site,29,1,concluído
192,2026-06-18,204,Site,33,2,concluído
193,2026-01-30,150,Site,31,3,concluído
194,2025-08-26,293,Site,26,2,concluído
195,2025-04-07,256,App,27,1,concluído
196,2026-02-14,283,Marketplace,48,1,concluído
197,2025-10-09,207,Site,31,1,concluído
198,2025-03-31,95,Site,3,4,concluído
199,2025-08-04,30,Site,45,2,concluído
200,2026-07-31,114,Marketplace,38,4,concluído
201,2025-06-09,212,Site,42,3,concluído
202,2025-04-18,170,Marketplace,43,2,concluído
203,2026-02-14,203,App,11,4,concluído
204,2025-04-30,112,Site,59,2,concluído
205,2026-07-06,376,Site,60,1,concluído
206,2026-05-31,147,Site,9,4,concluído
207,2026-08-14,339,App,14,3,concluído
208,2026-07-02,157,Site,15,2,concluído
209,2025-05-27,178,App,58,3,concluído
210,2025-05-08,242,Marketplace,56,4,concluído
211,2025-07-25,106,App,16,2,concluído
212,2025-10-09,88,App,38,4,concluído
213,2026-06-12,152,Site,15,4,concluído
214,2026-03-17,322,App,3,4,concluído
215,2026-01-22,58,App,14,1,concluído
216,2026-06-12,176,Site,5,1,cancelado
217,2026-01-23,269,Site,51,1,concluído
218,2025-08-16,283,App,48,3,concluído
219,2025-09-05,174,Site,12,2,concluído
220,2025-11-07,33,Site,35,4,concluído
221,2025-02-23,7,Marketplace,13,1,concluído
222,2026-03-22,188,App,34,2,concluído
223,2026-01-27,325,App,54,2,concluído
224,2026-03-15,12,Marketplace,53,4,concluído
225,2025-11-17,355,Site,50,1,concluído
226,2026-04-15,271,App,15,2,concluído
227,2026-07-24,4,Marketplace,12,4,concluído
228,2025-12-08,138,App,10,4,concluído
229,2025-09-24,89,Marketplace,8,4,concluído
230,2025-03-04,380,Site,37,3,concluído
231,2026-04-13,222,Marketplace,40,1,concluído
232,2026-06-27,130,Marketplace,53,1,concluído
233,2026-02-24,112,App,6,2,concluído
234,2026-06-04,226,Marketplace,16,2,concluído
235,2026-06-01,3,App,44,3,concluído
236,2026-04-24,103,Site,41,1,concluído
237,2025-10-29,67,Site,26,3,concluído
238,2025-03-01,249,App,10,2,concluído
239,2025-01-02,268,App,30,1,concluído
240,2025-05-03,187,App,11,4,concluído
241,2025-09-16,57,App,33,2,concluído
242,2026-03-23,149,App,55,1,concluído
243,2025-10-01,338,Marketplace,12,2,concluído
244,2025-01-14,82,Site,8,4,concluído
245,2025-05-07,66,Marketplace,45,4,concluído
246,2026-08-11,45,Marketplace,2,1,concluído
247,2026-08-16,327,Site,60,3,concluído
248,2025-08-15,48,App,47,3,concluído
249,2026-04-28,233,Marketplace,25,4,concluído
250,2026-03-08,400,Site,22,4,concluído
251,2026-07-13,257,Site,24,3,concluído
252,2026-06-17,165,Marketplace,24,3,cancelado
253,2026-01-13,83,Site,51,2,cancelado
254,2025-08-25,1,Site,48,4,concluído
255,2026-01-11,63,Marketplace,13,4,concluído
256,2025-07-11,382,Site,11,4,concluído
257,2025-07-28,58,Marketplace,33,4,concluído
258,2026-01-01,8,App,40,3,concluído
259,2025-12-09,327,App,44,4,concluído
260,2025-12-15,168,Site,19,4,concluído
261,2025-08-19,143,App,29,1,concluído
262,2025-09-03,287,Marketplace,7,1,concluído
263,2025-01-07,210,App,28,4,concluído
264,2025-12-28,366,Site,42,2,concluído
265,2025-12-12,188,App,19,4,concluído
266,2026-07-16,286,Marketplace,20,2,concluído
267,2025-10-30,352,App,28,2,concluído
268,2025-10-08,186,App,52,4,concluído
269,2025-02-10,114,App,37,3,concluído
270,2025-04-29,390,Site,56,3,concluído
271,2025-07-22,91,Marketplace,4,2,concluído
272,2025-08-15,16,Marketplace,51,3,concluído
273,2025-08-06,232,App,3,2,concluído
274,2025-08-25,395,Site,20,4,concluído
275,2026-04-07,35,App,26,2,concluído
276,2025-03-20,340,Site,15,1,concluído
277,2025-07-19,333,Site,60,3,concluído
278,2025-04-08,372,App,54,4,concluído
279,2025-07-04,169,Site,35,4,concluído
280,2026-02-15,102,Marketplace,28,1,concluído
281,2025-01-29,205,App,46,4,concluído
282,2025-07-23,57,App,43,2,concluído
283,2025-01-15,338,App,29,4,concluído
284,2026-07-27,266,App,50,3,concluído
285,2026-03-13,194,App,12,4,cancelado
286,2025-05-27,207,Site,17,2,concluído
287,2025-04-29,285,App,2,3,concluído
288,2025-03-01,210,Site,8,3,concluído
289,2025-10-11,336,Marketplace,12,1,concluído
290,2026-03-29,370,Marketplace,38,4,concluído
291,2025-12-17,380,Site,52,1,concluído
292,2026-06-13,249,App,36,4,concluído
293,2025-07-26,298,App,27,1,concluído
294,2025-06-16,125,App,17,1,concluído
295,2025-10-14,16,Marketplace,7,2,concluído
296,2025-05-02,161,Marketplace,36,1,concluído
297,2026-08-09,349,App,9,1,concluído
298,2025-04-22,54,App,48,1,concluído
299,2025-10-15,219,Site,25,2,concluído
300,2025-11-10,77,App,22,2,concluído
301,2025-02-04,172,Marketplace,2,1,concluído
302,2025-10-09,58,App,15,1,concluído
303,2025-09-30,294,App,1,3,concluído
304,2025-06-05,325,Site,44,2,concluído
305,2025-03-18,304,App,30,4,concluído
306,2025-01-28,282,App,48,4,concluído
307,2025-01-06,95,Marketplace,34,1,concluído
308,2025-10-16,213,App,58,4,concluído
309,2025-02-23,42,Site,48,3,concluído
310,2026-07-30,150,Site,9,4,concluído
311,2025-05-27,203,App,7,2,concluído
312,2026-01-27,268,App,54,1,concluído
313,2026-02-09,39,App,17,4,concluído
314,2025-10-25,326,App,46,3,cancelado
315,2026-06-15,184,App,38,1,concluído
316,2025-03-08,353,Marketplace,43,1,concluído
317,2025-05-21,211,Site,17,1,concluído
318,2025-06-01,219,Marketplace,19,2,concluído
319,2025-03-23,278,Site,34,2,concluído
320,2025-06-26,328,Site,2,2,concluído
321,2025-07-07,64,Site,19,4,concluído
322,2026-04-04,205,App,31,4,cancelado
323,2025-06-30,12,App,13,3,cancelado
324,2026-06-11,190,Site,18,3,cancelado
325,2026-04-09,326,Marketplace,60,4,concluído
326,2026-06-25,347,Site,18,2,concluído
327,2025-03-05,114,App,55,3,concluído
328,2026-08-14,155,Marketplace,56,3,concluído
329,2026-01-04,221,App,41,2,concluído
330,2026-08-13,159,Marketplace,10,4,concluído
331,2025-08-01,72,Marketplace,13,1,concluído
332,2026-07-26,122,Marketplace,57,1,concluído
333,2025-12-20,162,Marketplace,1,2,concluído
334,2025-02-13,208,App,31,4,concluído
335,2025-09-04,369,Site,36,2,concluído
336,2025-03-24,218,Marketplace,51,1,concluído
337,2026-07-19,155,Site,54,4,concluído
338,2025-07-02,265,App,18,1,concluído
339,2025-05-14,310,App,31,1,concluído
340,2025-11-28,173,App,39,4,concluído
341,2025-09-13,196,Site,58,2,concluído
342,2025-02-28,88,Site,34,1,concluído
343,2026-05-05,346,Marketplace,8,2,concluído
344,2026-05-23,347,Marketplace,56,3,concluído
345,2026-03-22,70,Site,31,4,concluído
346,2026-01-06,139,App,11,1,concluído
347,2025-08-30,109,Site,12,2,concluído
348,2025-11-22,370,App,13,3,concluído
349,2025-11-09,27,App,44,3,concluído
350,2025-04-10,83,App,57,3,concluído
351,2025-02-19,126,App,27,2,concluído
352,2025-06-01,225,App,6,4,concluído
353,2025-09-30,100,Site,54,1,concluído
354,2025-04-07,215,App,39,4,concluído
355,2025-03-06,299,App,35,4,concluído
356,2026-05-27,332,App,4,3,concluído
357,2025-08-13,40,Site,59,2,concluído
358,2025-12-17,56,Site,5,2,concluído
359,2025-11-11,39,App,37,2,concluído
360,2026-03-18,364,App,36,1,concluído
361,2026-03-20,261,Marketplace,31,1,concluído
362,2025-06-27,213,Site,34,3,concluído
363,2026-05-24,317,Site,24,3,concluído
364,2025-08-11,235,Site,35,2,concluído
365,2026-05-17,95,Marketplace,22,2,concluído
366,2025-08-31,205,Marketplace,29,1,concluído
367,2025-03-08,282,App,41,4,concluído
368,2026-04-02,15,Site,45,4,concluído
369,2025-01-19,243,App,10,1,concluído
370,2026-04-09,199,Site,60,2,concluído
371,2025-01-26,28,App,6,3,concluído
372,2025-05-05,106,App,17,1,concluído
373,2025-12-29,180,Marketplace,21,1,cancelado
374,2026-07-19,138,Marketplace,20,4,concluído
375,2025-09-03,117,App,22,1,concluído
376,2025-03-14,260,Marketplace,20,3,concluído
377,2025-05-20,162,App,27,4,concluído
378,2026-06-22,200,Site,46,3,concluído
379,2026-03-13,320,Marketplace,50,2,concluído
380,2025-03-02,38,App,21,1,concluído
381,2025-08-19,144,Site,16,3,concluído
382,2025-06-08,30,Site,41,2,concluído
383,2025-04-17,371,App,4,4,concluído
384,2026-05-23,75,Site,27,3,concluído
385,2026-01-06,328,App,14,1,concluído
386,2025-04-18,77,Site,37,2,concluído
387,2026-01-26,130,App,5,3,concluído
388,2025-09-06,244,App,50,3,concluído
389,2025-02-06,333,Site,17,3,concluído
390,2025-09-27,72,App,31,1,concluído
391,2025-04-22,86,Site,35,1,concluído
392,2025-05-28,353,Site,29,1,cancelado
393,2026-06-12,129,Marketplace,27,3,concluído
394,2026-03-03,84,App,17,1,concluído
395,2025-03-22,298,Marketplace,47,4,concluído
396,2026-05-26,37,Site,31,2,concluído
397,2025-12-11,347,App,13,2,concluído
398,2026-06-09,351,Marketplace,16,1,concluído
399,2026-03-25,343,Site,27,2,concluído
400,2025-07-23,119,Site,51,4,concluído
401,2025-11-17,46,Site,58,1,concluído
402,2025-11-15,171,Site,24,3,concluído
403,2026-03-08,134,Marketplace,24,1,concluído
404,2025-05-30,384,Site,8,1,concluído
405,2025-07-19,253,Marketplace,33,3,cancelado
406,2025-05-27,378,Site,15,3,concluído
407,2025-06-27,301,Marketplace,50,3,concluído
408,2025-04-07,286,Marketplace,33,1,concluído
409,2025-01-22,45,App,14,1,concluído
410,2026-07-19,28,App,55,2,concluído
411,2025-02-14,19,Site,49,1,concluído
412,2026-06-17,238,Site,19,4,concluído
413,2025-01-02,81,Site,8,2,concluído
414,2026-04-12,396,Marketplace,16,3,concluído
415,2025-07-17,54,Marketplace,23,1,concluído
416,2025-11-07,379,Site,25,3,concluído
417,2025-06-19,268,Site,50,1,concluído
418,2025-10-22,43,App,59,2,concluído
419,2025-09-28,24,Site,45,2,concluído
420,2025-11-14,159,App,51,1,concluído
421,2025-08-24,136,Site,8,1,concluído
422,2025-11-18,127,Site,9,4,concluído
423,2026-05-11,212,Site,55,2,concluído
424,2025-09-18,52,Site,37,3,concluído
425,2025-08-05,52,App,15,3,concluído
426,2025-03-21,278,App,48,3,concluído
427,2025-08-04,397,App,11,3,concluído
428,2025-03-17,110,Marketplace,47,4,concluído
429,2025-04-20,373,Marketplace,53,3,concluído
430,2026-07-26,138,App,30,2,concluído
431,2025-02-23,135,App,40,2,concluído
432,2025-10-17,37,Site,44,4,concluído
433,2026-05-16,170,Site,53,2,concluído
434,2026-07-26,200,App,36,3,concluído
435,2025-03-30,266,App,18,4,concluído
436,2025-04-09,64,Site,13,1,concluído
437,2025-08-12,76,App,22,1,cancelado
438,2025-11-29,173,App,4,1,concluído
439,2026-07-30,28,App,42,1,concluído
440,2025-05-05,58,Site,23,3,concluído
441,2025-04-09,252,Site,43,3,cancelado
442,2025-06-01,382,App,4,2,concluído
443,2026-06-09,230,Site,20,1,concluído
444,2025-01-19,58,Site,24,3,concluído
445,2025-08-17,397,Marketplace,6,1,cancelado
446,2025-03-13,209,Marketplace,50,3,concluído
447,2025-04-05,287,App,36,4,concluído
448,2026-07-05,79,Marketplace,51,2,concluído
449,2025-01-01,232,Site,49,2,concluído
450,2025-07-12,31,Site,3,3,concluído
451,2026-07-04,251,App,52,1,concluído
452,2025-12-31,81,App,5,3,concluído
453,2025-02-13,364,App,53,2,concluído
454,2025-10-07,22,Marketplace,41,2,concluído
455,2026-08-06,262,Site,50,1,concluído
456,2025-08-29,56,Site,30,4,concluído
457,2025-11-14,275,Site,10,2,concluído
458,2025-11-16,198,App,9,1,concluído
459,2026-02-01,387,App,8,4,concluído
460,2025-04-23,261,Site,49,4,cancelado
461,2026-05-19,149,Site,33,3,concluído
462,2026-08-17,35,Marketplace,13,1,concluído
463,2025-03-27,239,Site,8,4,cancelado
464,2026-05-06,177,Site,5,1,concluído
465,2026-05-06,22,Marketplace,16,1,concluído
466,2026-03-21,233,App,45,3,concluído
467,2025-08-11,84,Site,54,2,concluído
468,2025-10-09,94,Site,37,1,concluído
469,2026-05-19,4,App,60,3,cancelado
470,2025-04-02,149,App,24,2,concluído
471,2026-05-13,88,App,20,4,concluído
472,2026-07-07,29,App,42,1,concluído
473,2026-02-14,174,Site,9,4,concluído
474,2025-07-24,89,App,55,3,concluído
475,2025-12-02,54,Site,47,1,concluído
476,2025-01-31,187,App,3,3,concluído
477,2026-07-14,26,App,12,4,concluído
478,2025-07-25,397,App,38,1,concluído
479,2025-02-04,189,App,45,4,concluído
480,2026-04-22,399,Marketplace,14,2,concluído
481,2026-01-30,353,App,45,4,concluído
482,2026-01-09,392,App,29,1,concluído
483,2025-02-02,218,App,41,3,concluído
484,2026-03-27,170,App,26,4,concluído
485,2026-01-18,288,Site,28,2,cancelado
486,2026-04-22,33,Marketplace,24,1,concluído
487,2026-05-12,337,App,10,2,concluído
488,2025-05-08,130,Site,12,3,concluído
489,2025-05-07,3,Site,11,3,concluído
490,2026-07-09,96,Marketplace,49,2,concluído
491,2025-11-15,97,Site,26,4,concluído
492,2025-09-20,6,App,23,3,concluído
493,2025-06-22,268,Site,52,3,concluído
494,2026-01-19,39,Marketplace,54,4,concluído
495,2026-03-29,339,Site,15,4,concluído
496,2025-01-02,182,Marketplace,22,2,concluído
497,2025-11-28,288,Marketplace,25,2,concluído
498,2026-08-20,136,App,51,3,concluído
499,2025-06-18,53,Marketplace,41,3,concluído
500,2025-06-18,73,Site,33,2,concluído
501,2026-06-11,259,Site,15,3,concluído
502,2025-02-07,287,Site,24,3,concluído
503,2025-08-27,108,Marketplace,2,4,concluído
504,2025-10-02,143,Site,43,2,concluído
505,2026-04-24,379,Site,56,4,concluído
506,2025-03-19,341,App,48,1,concluído
507,2025-09-18,166,Site,19,4,concluído
508,2025-04-02,97,Marketplace,29,1,concluído
509,2026-04-18,121,Site,58,4,concluído
510,2026-01-15,216,App,26,1,concluído
511,2025-10-26,227,Marketplace,51,4,concluído
512,2025-08-24,74,Marketplace,35,4,concluído
513,2025-04-02,27,Site,30,4,concluído
514,2026-07-08,199,App,36,4,concluído
515,2026-01-24,319,Site,14,2,concluído
516,2025-07-11,61,App,26,1,concluído
517,2025-09-06,164,App,19,4,cancelado
518,2026-03-12,65,Site,46,3,concluído
519,2026-03-08,97,Marketplace,37,4,concluído
520,2025-10-04,245,App,24,3,concluído
521,2025-07-01,115,Marketplace,50,3,concluído
522,2026-01-31,106,Marketplace,28,2,concluído
523,2026-01-30,399,App,58,2,concluído
524,2025-12-26,69,App,37,2,concluído
525,2025-02-13,76,Site,54,3,concluído
526,2025-10-11,372,Marketplace,60,3,concluído
527,2026-01-04,221,App,20,1,concluído
528,2026-07-25,18,Site,16,1,concluído
529,2025-11-12,170,Site,51,1,concluído
530,2025-07-25,227,Site,14,3,concluído
531,2025-11-30,102,Site,46,3,concluído
532,2025-04-17,220,App,11,1,concluído
533,2025-02-24,260,App,53,3,concluído
534,2026-02-11,101,App,42,1,concluído
535,2026-08-15,325,Marketplace,32,4,concluído
536,2026-05-23,182,Marketplace,27,3,concluído
537,2025-12-17,386,Marketplace,39,3,concluído
538,2025-01-25,36,App,24,3,concluído
539,2026-08-16,130,Site,24,2,concluído
540,2025-09-27,289,App,13,4,concluído
541,2025-06-23,358,App,10,3,concluído
542,2026-06-20,89,App,54,1,concluído
543,2026-03-24,393,Marketplace,45,4,concluído
544,2026-03-26,78,App,27,3,concluído
545,2025-06-16,167,Site,50,2,concluído
546,2026-08-19,126,Marketplace,37,4,concluído
547,2025-09-29,170,Site,36,1,concluído
548,2025-11-15,361,App,7,3,concluído
549,2026-03-27,294,Marketplace,33,3,concluído
550,2026-01-31,319,Site,7,4,concluído
551,2025-04-14,102,Site,42,3,concluído
552,2025-07-01,379,Site,5,4,concluído
553,2025-08-05,175,Marketplace,31,2,concluído
554,2026-07-23,261,Site,23,4,concluído
555,2026-03-05,280,Site,8,1,cancelado
556,2025-08-08,266,Site,29,4,concluído
557,2026-03-17,241,App,13,4,concluído
558,2026-03-20,193,Marketplace,15,3,concluído
559,2025-08-25,260,App,54,1,concluído
560,2025-08-30,363,App,21,2,concluído
561,2026-06-21,156,App,25,1,concluído
562,2025-12-04,205,App,1,4,concluído
563,2025-03-31,73,Site,19,2,concluído
564,2026-03-08,143,Site,22,4,concluído
565,2025-12-20,309,App,44,4,concluído
566,2025-11-02,257,App,8,1,concluído
567,2026-03-12,85,Marketplace,56,4,concluído
568,2026-06-29,219,Marketplace,8,2,concluído
569,2025-07-18,325,Site,40,1,concluído
570,2025-09-09,50,App,1,2,concluído
571,2025-04-24,25,App,50,3,concluído
572,2026-01-24,158,App,42,4,concluído
573,2025-08-30,263,App,51,3,concluído
574,2025-07-25,126,Marketplace,56,1,concluído
575,2026-02-22,329,Site,51,2,cancelado
576,2025-09-02,339,App,38,2,concluído
577,2025-10-06,214,Marketplace,51,3,concluído
578,2025-09-22,152,Site,6,3,concluído
579,2025-06-05,17,App,39,1,concluído
580,2025-03-17,329,Site,60,1,cancelado
581,2026-05-12,359,App,23,1,concluído
582,2025-02-25,177,Marketplace,59,4,concluído
583,2025-07-14,207,App,31,3,concluído
584,2026-02-05,302,Site,29,2,concluído
585,2025-03-20,279,App,19,4,concluído
586,2026-01-29,55,Marketplace,7,1,concluído
587,2026-03-16,269,Site,53,1,concluído
588,2026-02-02,370,Site,44,2,cancelado
589,2025-07-03,301,App,25,1,concluído
590,2025-01-12,193,Marketplace,58,4,concluído
591,2026-06-17,210,Site,12,4,concluído
592,2025-07-15,104,App,47,3,concluído
593,2026-04-29,265,Marketplace,28,4,concluído
594,2025-04-29,97,App,38,2,concluído
595,2025-04-08,137,App,3,1,concluído
596,2026-04-12,107,Site,37,2,concluído
597,2026-07-18,135,App,41,1,concluído
598,2026-06-01,147,Site,59,4,concluído
599,2026-03-27,34,App,21,3,concluído
600,2025-05-29,288,App,5,4,concluído
601,2026-07-02,177,App,4,2,concluído
602,2026-02-05,380,App,9,3,concluído
603,2025-04-14,73,Marketplace,18,2,concluído
604,2025-03-19,268,Site,50,2,concluído
605,2026-06-07,72,Site,12,3,cancelado
606,2025-06-15,219,App,9,4,concluído
607,2026-04-05,197,Site,2,3,concluído
608,2025-03-25,180,App,23,3,concluído
609,2025-06-18,262,App,37,3,concluído
610,2025-06-20,332,Site,17,2,concluído
611,2025-06-18,127,Site,30,4,concluído
612,2026-02-09,340,Marketplace,15,4,cancelado
613,2026-07-03,74,Marketplace,49,2,concluído
614,2026-07-01,118,Marketplace,2,4,concluído
615,2026-03-21,125,App,13,2,concluído
616,2025-05-02,382,App,34,3,concluído
617,2026-07-31,48,App,51,3,concluído
618,2025-11-22,159,Marketplace,25,4,concluído
619,2025-11-24,170,Marketplace,5,4,concluído
620,2026-02-25,321,Marketplace,34,2,concluído
621,2026-04-07,195,App,17,3,concluído
622,2026-07-26,387,Marketplace,19,3,cancelado
623,2025-12-16,297,Site,56,4,concluído
624,2026-01-02,282,Marketplace,57,1,concluído
625,2026-03-24,302,Site,16,3,concluído
626,2025-06-03,65,App,36,3,concluído
627,2025-07-04,180,App,33,2,concluído
628,2026-01-11,235,Marketplace,58,2,cancelado
629,2025-02-08,84,Site,57,3,concluído
630,2025-07-12,48,App,22,2,concluído
631,2026-03-07,55,App,2,1,concluído
632,2026-08-09,316,App,1,4,concluído
633,2025-11-08,263,Marketplace,1,2,concluído
634,2025-08-28,113,App,47,1,concluído
635,2025-09-22,295,App,45,1,concluído
636,2026-02-16,279,Marketplace,50,4,concluído
637,2025-11-23,327,Site,9,2,concluído
638,2025-01-14,365,App,4,2,concluído
639,2025-11-20,353,App,11,2,concluído
640,2025-08-29,73,App,38,1,concluído
641,2026-02-25,308,App,1,3,concluído
642,2026-06-10,158,App,40,1,concluído
643,2026-08-01,162,App,54,4,concluído
644,2026-01-02,259,Site,9,2,concluído
645,2025-08-06,241,Marketplace,45,1,concluído
646,2025-09-24,168,Marketplace,34,2,concluído
647,2025-04-16,400,App,57,1,concluído
648,2026-07-16,70,App,15,2,concluído
649,2026-05-24,39,Marketplace,14,1,concluído
650,2026-05-28,12,Marketplace,1,3,concluído
651,2025-07-16,326,Site,43,4,concluído
652,2025-07-13,163,App,53,2,concluído
653,2026-05-29,175,App,2,1,concluído
654,2025-11-23,260,Site,30,1,concluído
655,2026-02-27,175,Site,44,4,concluído
656,2025-10-21,230,App,47,2,concluído
657,2025-09-23,24,Marketplace,56,2,concluído
658,2026-01-15,63,Site,44,1,concluído
659,2026-05-03,373,Site,56,3,concluído
660,2025-07-20,181,App,60,1,concluído
661,2026-05-01,67,Marketplace,56,4,concluído
662,2025-05-27,148,Site,27,1,concluído
663,2025-08-30,134,App,25,1,concluído
664,2026-07-02,110,Site,26,3,concluído
665,2026-07-27,118,Site,58,2,concluído
666,2026-07-09,292,Marketplace,17,3,concluído
667,2025-07-09,43,App,46,1,concluído
668,2026-05-21,124,Marketplace,38,4,concluído
669,2026-07-16,188,Site,4,2,concluído
670,2026-08-10,217,App,30,4,concluído
671,2025-01-13,353,App,12,4,concluído
672,2026-03-23,370,App,44,3,concluído
673,2026-08-22,119,App,27,2,concluído
674,2026-04-04,216,Site,22,2,cancelado
675,2025-05-20,9,Site,4,3,concluído
676,2026-04-03,247,App,8,1,concluído
677,2025-03-05,62,Marketplace,46,1,concluído
678,2025-10-16,30,App,52,3,concluído
679,2026-01-11,269,Site,18,1,concluído
680,2025-10-01,72,Marketplace,50,2,cancelado
681,2026-02-24,191,Marketplace,34,3,concluído
682,2025-05-25,41,Site,22,2,concluído
683,2025-12-30,299,Site,28,4,concluído
684,2026-01-22,306,App,42,4,concluído
685,2026-01-16,230,App,55,1,concluído
686,2025-06-23,335,Site,30,1,concluído
687,2025-07-03,175,App,21,4,concluído
688,2025-06-04,75,App,46,1,concluído
689,2025-10-05,61,App,32,2,concluído
690,2025-12-18,88,Marketplace,24,4,concluído
691,2025-08-06,81,Marketplace,28,3,concluído
692,2025-09-03,130,Marketplace,33,2,concluído
693,2025-06-21,86,Site,9,1,concluído
694,2025-05-12,237,App,4,2,concluído
695,2026-01-30,60,App,40,3,concluído
696,2026-05-05,249,Site,11,1,concluído
697,2025-06-24,134,Site,32,3,concluído
698,2026-06-01,275,App,47,2,concluído
699,2025-12-09,206,Site,13,2,cancelado
700,2025-04-11,363,Site,23,4,cancelado
701,2025-08-08,176,App,59,4,concluído
702,2025-01-05,119,App,3,3,concluído
703,2025-01-24,236,Site,46,3,concluído
704,2025-07-21,264,Site,11,2,concluído
705,2025-09-30,176,Marketplace,55,1,concluído
706,2026-04-24,224,Site,25,2,concluído
707,2025-03-22,189,Site,1,1,concluído
708,2026-05-19,123,Marketplace,44,2,concluído
709,2025-05-21,126,App,9,2,concluído
710,2025-03-24,363,Site,22,3,concluído
711,2026-02-24,271,Site,31,2,concluído
712,2026-04-10,39,Site,45,2,concluído
713,2025-12-29,385,App,26,3,concluído
714,2025-03-11,285,Marketplace,52,1,concluído
715,2025-03-11,21,Marketplace,29,1,concluído
716,2025-08-23,292,App,21,3,cancelado
717,2025-09-28,236,App,21,3,concluído
718,2026-08-23,367,App,49,4,cancelado
719,2025-06-21,196,Marketplace,40,3,concluído
720,2025-04-26,208,Site,8,4,concluído
721,2026-07-22,126,App,46,3,concluído
722,2025-04-03,129,Marketplace,25,4,concluído
723,2025-01-16,248,App,21,1,concluído
724,2025-09-11,332,Site,6,3,concluído
725,2025-08-29,357,App,60,4,concluído
726,2026-01-07,309,Site,4,4,concluído
727,2026-06-11,244,Site,60,2,concluído
728,2026-07-14,201,App,4,4,concluído
729,2025-06-23,136,Site,31,2,concluído
730,2026-08-12,308,Marketplace,7,1,concluído
731,2026-01-15,128,Site,30,4,concluído
732,2025-02-11,108,Marketplace,51,2,concluído
733,2026-07-18,348,Site,36,1,cancelado
734,2025-03-24,236,Marketplace,33,1,concluído
735,2025-12-20,142,App,8,1,concluído
736,2026-04-20,347,Marketplace,57,4,concluído
737,2025-05-30,386,App,23,4,concluído
738,2025-06-12,128,App,33,4,concluído
739,2025-10-13,209,App,54,1,concluído
740,2026-06-15,194,App,38,4,concluído
741,2025-05-15,281,Marketplace,45,3,concluído
742,2026-02-03,381,Marketplace,12,2,concluído
743,2025-09-29,220,Marketplace,28,3,concluído
744,2025-03-09,320,App,33,4,concluído
745,2026-03-03,239,Marketplace,11,2,cancelado
746,2026-05-15,355,Site,24,1,concluído
747,2025-12-12,162,App,50,4,concluído
748,2025-04-16,155,Site,56,1,concluído
749,2025-04-04,169,Site,50,1,concluído
750,2025-09-12,399,App,57,3,concluído
751,2025-10-31,245,Site,60,4,concluído
752,2025-11-28,62,Site,12,4,concluído
753,2025-05-27,17,App,52,4,concluído
754,2025-10-28,208,Site,38,4,cancelado
755,2025-06-27,323,Site,52,1,cancelado
756,2026-02-16,192,Site,39,2,concluído
757,2026-04-23,225,Marketplace,8,3,concluído
758,2026-01-27,320,Marketplace,34,2,concluído
759,2025-01-01,207,Site,46,3,concluído
760,2026-08-19,364,Site,8,2,concluído
761,2025-01-15,256,Site,31,2,concluído
762,2026-08-23,293,Site,40,1,concluído
763,2025-01-20,313,App,28,3,concluído
764,2025-11-06,251,Site,48,4,concluído
765,2025-03-05,21,Site,8,4,concluído
766,2025-02-27,171,Site,21,2,concluído
767,2026-02-15,57,Marketplace,58,3,concluído
768,2026-03-13,205,Site,31,1,concluído
769,2025-03-12,58,App,11,3,cancelado
770,2026-08-09,204,App,7,2,concluído
771,2025-07-12,138,App,36,4,concluído
772,2025-07-10,9,App,56,3,cancelado
773,2025-06-28,50,Site,3,1,concluído
774,2025-10-04,202,App,7,4,concluído
775,2025-04-17,32,App,23,3,concluído
776,2025-09-12,343,App,13,1,concluído
777,2025-05-06,304,Marketplace,8,2,concluído
778,2025-01-31,284,Marketplace,18,1,concluído
779,2025-08-10,69,App,39,2,concluído
780,2026-02-08,319,App,50,4,concluído
781,2026-04-03,254,App,19,4,concluído
782,2025-08-01,157,App,43,3,concluído
783,2025-07-14,1,App,50,2,concluído
784,2026-04-18,212,App,1,2,concluído
785,2026-02-13,319,App,52,4,cancelado
786,2026-05-15,14,Marketplace,12,1,concluído
787,2026-06-28,22,Site,42,4,concluído
788,2026-05-08,154,Marketplace,46,4,concluído
789,2026-07-16,205,App,51,4,concluído
790,2025-09-07,190,App,25,3,concluído
791,2025-08-25,171,Marketplace,40,4,concluído
792,2025-07-12,103,App,2,1,concluído
793,2025-05-22,24,Site,27,4,concluído
794,2026-03-26,13,Marketplace,58,1,concluído
795,2026-03-05,40,Site,10,1,concluído
796,2026-04-26,277,App,10,1,concluído
797,2025-04-11,315,Site,43,3,concluído
798,2025-10-22,175,App,31,1,concluído
799,2025-05-14,31,App,28,3,concluído
800,2026-06-20,167,App,15,1,concluído
801,2025-06-10,395,Marketplace,11,3,concluído
802,2025-03-28,100,Site,45,1,concluído
803,2025-12-08,197,App,22,3,concluído
804,2026-06-12,216,App,47,1,concluído
805,2026-07-04,132,Site,27,4,concluído
806,2025-02-27,176,Marketplace,24,2,concluído
807,2025-07-15,189,App,14,3,concluído
808,2025-04-03,190,App,40,2,concluído
809,2025-07-04,288,Marketplace,18,3,concluído
810,2025-11-17,233,Marketplace,55,2,concluído
811,2025-06-18,22,Marketplace,25,1,concluído
812,2025-02-10,3,App,49,4,concluído
813,2025-11-03,165,App,29,3,concluído
814,2025-02-01,364,Site,25,2,concluído
815,2025-05-17,15,App,28,1,concluído
816,2025-01-01,29,Marketplace,27,4,concluído
817,2025-02-22,272,App,29,2,cancelado
818,2025-09-19,181,Site,54,4,concluído
819,2026-05-26,93,Marketplace,43,4,cancelado
820,2026-04-10,83,Marketplace,3,4,concluído
821,2025-03-01,267,Site,4,3,cancelado
822,2025-01-21,210,Marketplace,2,1,concluído
823,2025-07-22,256,App,42,1,concluído
824,2026-01-27,113,App,13,1,concluído
825,2026-03-25,211,App,24,2,concluído
826,2026-05-09,345,Marketplace,50,3,concluído
827,2025-07-25,127,Marketplace,8,4,concluído
828,2025-04-11,159,App,10,1,concluído
829,2025-01-16,66,App,5,3,concluído
830,2025-03-30,256,App,18,1,concluído
831,2025-02-09,14,App,6,2,concluído
832,2026-06-01,100,Marketplace,38,1,concluído
833,2025-06-11,286,App,45,2,concluído
834,2026-05-09,8,Marketplace,12,3,concluído
835,2025-11-28,396,Site,32,3,concluído
836,2025-11-20,162,App,19,4,concluído
837,2025-09-30,160,App,5,3,concluído
838,2026-05-07,215,Marketplace,29,2,concluído
839,2025-01-27,256,Site,42,4,concluído
840,2025-02-25,184,Site,14,4,concluído
841,2025-09-12,354,App,48,4,concluído
842,2025-08-25,385,Marketplace,60,4,cancelado
843,2025-11-24,81,Marketplace,4,4,concluído
844,2026-03-19,283,Marketplace,10,1,concluído
845,2025-12-19,121,Site,18,3,concluído
846,2025-06-04,399,Marketplace,51,2,concluído
847,2025-07-16,102,App,9,2,concluído
848,2026-03-28,119,Site,29,1,concluído
849,2025-05-01,286,Site,33,1,concluído
850,2025-10-30,316,Site,8,4,concluído
851,2025-11-20,52,Marketplace,3,4,concluído
852,2026-03-27,223,Marketplace,8,3,cancelado
853,2026-03-05,139,Site,4,1,cancelado
854,2025-10-06,245,Site,31,3,concluído
855,2025-07-05,223,Marketplace,57,1,concluído
856,2025-08-09,395,Marketplace,22,3,concluído
857,2025-09-04,374,Marketplace,16,1,cancelado
858,2025-05-12,262,App,15,2,concluído
859,2026-01-11,272,App,59,1,concluído
860,2025-05-06,360,Marketplace,58,4,concluído
861,2026-01-25,74,Marketplace,39,3,concluído
862,2026-03-27,291,Site,28,4,concluído
863,2026-08-01,309,Site,10,1,concluído
864,2025-03-13,51,Site,56,3,concluído
865,2026-04-01,353,Site,1,2,concluído
866,2025-02-21,280,Marketplace,10,2,concluído
867,2025-07-22,139,App,41,4,concluído
868,2025-04-16,194,Site,12,1,concluído
869,2025-04-08,196,Site,7,4,concluído
870,2025-04-16,368,Marketplace,36,1,concluído
871,2025-01-27,388,App,2,2,concluído
872,2026-05-09,323,Site,17,1,concluído
873,2025-02-06,261,App,39,3,concluído
874,2025-08-28,42,App,12,3,concluído
875,2026-02-24,366,Site,46,3,concluído
876,2026-08-18,54,App,6,4,concluído
877,2026-05-28,67,Marketplace,37,4,concluído
878,2025-03-24,28,Marketplace,5,4,cancelado
879,2026-08-16,380,App,44,2,concluído
880,2026-01-28,198,Marketplace,46,1,concluído
881,2025-04-18,95,Site,48,1,concluído
882,2025-09-27,33,Site,17,2,cancelado
883,2026-07-05,165,Marketplace,15,3,concluído
884,2025-08-24,290,Site,59,1,concluído
885,2025-04-21,398,App,44,4,concluído
886,2026-06-10,221,App,11,4,concluído
887,2026-07-26,243,Site,2,1,concluído
888,2026-08-09,335,Marketplace,22,4,concluído
889,2026-07-28,361,Site,40,3,concluído
890,2026-06-08,112,App,23,2,concluído
891,2025-09-30,397,App,49,3,concluído
892,2025-04-26,208,Marketplace,31,3,concluído
893,2026-01-06,373,App,60,2,concluído
894,2025-05-13,47,Site,53,3,concluído
895,2025-10-11,39,Site,29,1,concluído
896,2026-01-29,354,App,51,2,concluído
897,2026-07-22,270,App,27,4,concluído
898,2025-06-23,71,App,1,1,concluído
899,2025-06-01,358,App,19,3,concluído
900,2026-03-17,41,Site,25,2,concluído
901,2025-01-04,273,Marketplace,59,2,concluído
902,2025-12-06,83,App,50,1,concluído
903,2026-03-24,29,Site,9,3,concluído
904,2025-11-27,323,App,1,3,concluído
905,2025-08-19,339,App,32,3,concluído
906,2026-05-13,43,Marketplace,33,2,concluído
907,2025-08-11,38,Marketplace,45,3,concluído
908,2026-03-03,246,Marketplace,16,3,concluído
909,2025-10-06,12,App,49,3,concluído
910,2025-01-16,299,Site,25,3,concluído
911,2025-11-15,367,Site,21,2,concluído
912,2025-01-30,301,Marketplace,26,3,concluído
913,2026-07-13,93,Site,57,3,concluído
914,2025-12-27,77,Marketplace,24,4,concluído
915,2025-08-12,273,App,34,2,concluído
916,2025-10-19,25,Site,54,2,concluído
917,2026-01-07,216,Marketplace,2,3,cancelado
918,2025-06-06,180,App,33,3,concluído
919,2025-06-23,298,Site,43,2,concluído
920,2025-09-09,81,Site,55,1,concluído
921,2025-06-05,305,Marketplace,4,3,concluído
922,2026-03-31,280,App,44,3,concluído
923,2025-03-04,96,Marketplace,49,4,concluído
924,2026-05-11,143,Site,22,3,concluído
925,2025-07-29,27,Site,45,3,concluído
926,2025-12-03,180,Site,30,1,concluído
927,2025-04-05,105,App,40,2,concluído
928,2025-08-20,46,Marketplace,24,1,concluído
929,2026-03-29,224,Marketplace,11,3,concluído
930,2025-06-12,228,Marketplace,50,3,concluído
931,2025-03-21,35,Marketplace,13,4,concluído
932,2025-11-10,75,Site,12,3,concluído
933,2025-04-08,34,Site,54,4,concluído
934,2025-07-08,272,Marketplace,57,3,concluído
935,2025-09-28,136,App,37,4,concluído
936,2025-12-05,29,Marketplace,35,2,concluído
937,2026-01-19,77,Site,22,3,concluído
938,2026-02-10,391,Site,37,3,concluído
939,2026-05-22,103,App,37,3,concluído
940,2025-02-09,274,App,32,3,concluído
941,2025-08-06,188,App,40,4,concluído
942,2025-01-01,73,Site,34,1,concluído
943,2025-01-06,123,Site,53,2,concluído
944,2025-05-08,6,App,41,3,concluído
945,2025-12-25,299,App,24,3,concluído
946,2026-06-21,134,Site,40,3,concluído
947,2026-04-10,200,App,14,1,concluído
948,2026-01-23,62,Marketplace,13,4,concluído
949,2026-04-12,330,App,50,3,concluído
950,2025-04-14,88,Site,35,2,concluído
951,2026-05-19,227,App,4,4,concluído
952,2026-06-19,350,Site,22,2,concluído
953,2025-02-27,286,Site,60,1,concluído
954,2025-10-09,242,Site,39,4,concluído
955,2026-05-14,356,Site,53,2,concluído
956,2025-10-13,71,Site,33,4,concluído
957,2026-05-20,386,App,3,3,concluído
958,2026-07-16,223,Site,11,1,concluído
959,2025-10-12,164,App,6,2,concluído
960,2025-02-05,103,Site,45,4,concluído
961,2025-07-24,298,Site,46,4,concluído
962,2025-05-10,391,Marketplace,28,1,concluído
963,2025-10-12,277,Site,44,4,concluído
964,2025-12-18,14,App,34,4,concluído
965,2025-10-06,188,App,45,3,concluído
966,2025-04-28,293,App,41,1,concluído
967,2025-06-30,159,Site,28,3,concluído
968,2026-02-12,310,Marketplace,40,2,concluído
969,2025-01-17,283,Marketplace,20,1,cancelado
970,2025-05-09,27,Site,45,4,concluído
971,2026-06-20,224,App,55,3,concluído
972,2025-03-01,69,Marketplace,13,1,concluído
973,2025-09-06,195,App,41,2,concluído
974,2025-05-05,154,App,7,4,concluído
975,2025-03-04,323,Marketplace,23,2,concluído
976,2025-09-11,348,App,41,2,concluído
977,2025-11-09,185,App,17,1,concluído
978,2025-04-16,215,App,15,1,concluído
979,2025-02-16,251,Site,24,4,concluído
980,2025-03-22,263,App,7,4,concluído
981,2026-01-26,255,Site,38,1,concluído
982,2026-06-01,314,Site,8,3,concluído
983,2025-04-19,393,App,20,3,concluído
984,2025-07-12,332,App,19,4,cancelado
985,2025-07-26,54,Marketplace,59,3,concluído
986,2025-08-05,191,App,60,4,concluído
987,2025-05-27,185,Site,5,1,concluído
988,2025-02-03,204,Site,10,1,cancelado
989,2025-11-12,212,App,44,2,concluído
990,2025-08-03,288,Site,18,2,concluído
991,2025-07-25,169,Site,39,4,concluído
992,2025-06-08,106,Site,56,2,concluído
993,2026-07-12,184,Marketplace,10,2,concluído
994,2026-01-02,342,Marketplace,58,3,concluído
995,2025-09-09,125,Marketplace,4,4,concluído
996,2025-05-04,9,Site,14,1,concluído
997,2026-04-26,391,Site,31,3,concluído
998,2026-06-18,79,Site,53,2,concluído
999,2025-01-20,242,App,34,1,concluído
1000,2026-07-12,321,Marketplace,9,4,concluído
1001,2026-02-24,110,Marketplace,15,4,concluído
1002,2025-03-01,137,App,46,1,concluído
1003,2026-03-28,113,Marketplace,34,4,concluído
1004,2025-03-06,60,Marketplace,1,3,concluído
1005,2025-01-31,62,Site,31,3,concluído
1006,2025-03-11,75,Marketplace,25,2,concluído
1007,2025-10-03,184,App,1,2,concluído
1008,2026-01-07,213,App,15,1,concluído
1009,2025-09-02,7,App,57,1,concluído
1010,2025-03-15,339,Site,43,1,concluído
1011,2025-04-30,271,App,5,3,concluído
1012,2026-05-27,29,Marketplace,1,1,concluído
1013,2026-08-01,338,App,21,3,concluído
1014,2026-03-29,13,App,28,3,concluído
1015,2025-03-04,225,Site,28,2,concluído
1016,2026-05-07,187,App,42,1,concluído
1017,2026-02-20,201,Site,11,3,concluído
1018,2025-11-12,383,App,3,4,concluído
1019,2025-03-27,371,Marketplace,41,2,concluído
1020,2026-08-22,112,Site,54,4,concluído
1021,2025-09-23,232,App,11,2,concluído
1022,2025-01-27,384,App,22,1,concluído
1023,2025-05-06,292,App,38,3,concluído
1024,2025-08-29,356,Marketplace,10,4,concluído
1025,2025-02-07,174,Site,52,4,concluído
1026,2025-07-14,114,Site,14,4,concluído
1027,2025-10-09,205,App,32,1,concluído
1028,2026-07-24,327,Marketplace,21,1,concluído
1029,2025-02-21,372,App,41,3,concluído
1030,2025-12-13,275,Site,12,4,concluído
1031,2026-07-04,283,Marketplace,6,4,concluído
1032,2026-04-29,205,App,31,2,concluído
1033,2026-07-09,128,Site,52,2,concluído
1034,2025-04-13,170,App,38,3,concluído
1035,2026-04-26,200,App,46,4,concluído
1036,2026-08-11,327,Marketplace,27,1,concluído
1037,2025-07-15,223,Site,9,4,concluído
1038,2025-10-27,318,Marketplace,26,4,concluído
1039,2025-11-15,11,Site,60,1,concluído
1040,2025-10-24,303,App,47,4,concluído
1041,2025-06-23,203,Site,43,3,concluído
1042,2026-08-06,400,Site,19,4,concluído
1043,2026-07-28,189,App,36,1,cancelado
1044,2025-08-17,192,Site,38,4,concluído
1045,2026-04-29,51,Site,40,1,concluído
1046,2025-08-27,323,Site,54,1,concluído
1047,2026-04-22,281,App,41,2,concluído
1048,2025-12-17,345,Marketplace,14,3,concluído
1049,2025-10-10,38,App,14,1,concluído
1050,2025-03-18,85,App,38,2,concluído
1051,2026-01-28,351,App,52,2,concluído
1052,2025-07-12,17,Marketplace,57,1,concluído
1053,2025-05-11,204,App,37,1,concluído
1054,2025-04-26,162,Site,32,1,concluído
1055,2026-08-13,376,App,49,4,concluído
1056,2025-03-03,343,Site,59,4,concluído
1057,2026-04-25,359,Marketplace,2,3,concluído
1058,2026-06-04,116,App,19,3,concluído
1059,2025-01-19,236,Marketplace,21,1,concluído
1060,2025-12-20,281,App,34,1,concluído
1061,2025-12-13,387,App,18,2,concluído
1062,2025-08-04,3,Site,19,4,cancelado
1063,2026-02-05,391,Site,2,2,concluído
1064,2025-09-03,143,App,1,4,concluído
1065,2025-09-21,52,Site,27,2,concluído
1066,2025-09-16,247,App,60,2,concluído
1067,2026-04-26,313,Site,18,4,concluído
1068,2026-01-15,52,Site,15,2,concluído
1069,2025-08-16,17,Marketplace,16,3,concluído
1070,2026-07-11,359,Site,59,3,cancelado
1071,2026-04-27,374,Site,40,3,concluído
1072,2026-07-14,63,Site,40,3,concluído
1073,2026-03-15,362,App,12,4,concluído
1074,2025-08-23,364,App,55,2,concluído
1075,2026-04-09,399,Marketplace,12,2,concluído
1076,2025-07-17,87,App,59,3,concluído
1077,2025-06-12,232,Marketplace,58,2,cancelado
1078,2025-09-28,398,App,35,1,concluído
1079,2026-08-05,362,Marketplace,53,2,concluído
1080,2025-12-07,242,App,60,3,concluído
1081,2025-08-19,79,Marketplace,35,3,concluído
1082,2025-10-05,34,Site,47,2,cancelado
1083,2025-06-24,104,App,36,3,concluído
1084,2026-01-31,27,Site,32,2,concluído
1085,2025-07-30,79,Site,21,3,concluído
1086,2025-11-29,30,App,40,2,concluído
1087,2025-08-10,305,App,17,4,cancelado
1088,2025-07-12,236,Site,12,3,concluído
1089,2026-08-06,208,Site,17,3,concluído
1090,2025-07-27,324,App,1,2,concluído
1091,2025-02-12,165,Marketplace,57,4,concluído
1092,2025-08-16,162,App,16,2,cancelado
1093,2025-11-16,83,App,48,4,cancelado
1094,2025-02-26,178,Site,27,1,concluído
1095,2025-07-03,70,App,21,4,cancelado
1096,2025-04-10,236,App,14,4,concluído
1097,2025-10-28,399,Site,50,1,concluído
1098,2026-03-10,214,App,31,1,concluído
1099,2026-08-05,120,App,27,4,concluído
1100,2025-08-22,276,Site,40,2,concluído
1101,2026-06-02,329,Site,49,3,concluído
1102,2025-05-09,189,Marketplace,40,1,concluído
1103,2026-04-14,101,Site,29,2,concluído
1104,2025-12-04,286,Site,54,3,concluído
1105,2026-03-31,75,App,54,4,concluído
1106,2026-03-30,399,Marketplace,58,2,concluído
1107,2025-11-16,128,App,6,1,concluído
1108,2025-06-04,141,App,54,2,concluído
1109,2025-11-12,291,Marketplace,12,3,concluído
1110,2026-05-12,5,Site,38,4,concluído
1111,2026-08-06,82,Site,40,4,concluído
1112,2026-07-11,51,App,13,4,concluído
1113,2025-04-19,157,App,1,1,concluído
1114,2025-12-25,222,Site,57,3,cancelado
1115,2025-03-04,72,Site,54,3,concluído
1116,2026-02-06,138,Site,11,2,concluído
1117,2026-08-19,309,App,37,4,concluído
1118,2025-02-01,376,App,10,4,concluído
1119,2026-01-29,6,Site,34,1,concluído
1120,2026-07-22,251,Site,20,4,concluído
1121,2026-05-24,11,App,46,4,concluído
1122,2025-08-24,209,App,35,3,concluído
1123,2025-03-04,352,App,30,2,concluído
1124,2026-07-09,320,App,41,4,concluído
1125,2026-07-07,94,Site,29,3,concluído
1126,2025-12-14,104,App,1,4,concluído
1127,2026-08-11,314,Site,36,3,cancelado
1128,2025-01-03,328,Marketplace,47,4,concluído
1129,2026-01-05,113,Marketplace,30,2,concluído
1130,2025-01-24,2,Marketplace,11,1,concluído
1131,2026-07-16,178,App,1,2,concluído
1132,2026-02-13,248,App,18,4,concluído
1133,2026-07-03,178,App,47,3,concluído
1134,2025-12-04,374,Site,20,3,concluído
1135,2025-02-19,326,App,58,3,concluído
1136,2025-01-16,316,App,20,3,concluído
1137,2025-07-21,9,App,26,1,concluído
1138,2026-03-23,342,App,46,2,concluído
1139,2025-04-01,303,Site,37,1,concluído
1140,2026-05-27,159,Site,3,2,concluído
1141,2025-05-24,236,Site,5,3,concluído
1142,2025-10-25,330,Marketplace,12,4,concluído
1143,2025-05-02,363,App,53,1,concluído
1144,2025-10-07,221,App,2,3,concluído
1145,2025-09-29,17,App,5,1,concluído
1146,2025-01-04,248,Site,47,1,concluído
1147,2025-12-07,273,Site,38,4,concluído
1148,2026-04-17,24,App,60,3,concluído
1149,2026-07-16,327,Marketplace,14,1,concluído
1150,2025-07-18,81,App,40,1,concluído
1151,2026-06-13,357,App,9,1,concluído
1152,2026-06-12,221,Site,36,2,concluído
1153,2026-08-17,129,Marketplace,7,1,cancelado
1154,2025-08-12,24,Site,55,3,concluído
1155,2026-05-26,8,Marketplace,25,2,concluído
1156,2025-12-06,297,App,16,3,cancelado
1157,2025-02-04,151,Site,60,1,concluído
1158,2025-06-12,337,Marketplace,4,1,concluído
1159,2026-02-08,93,Site,48,1,cancelado
1160,2025-04-07,369,App,31,1,concluído
1161,2025-09-18,377,Marketplace,42,1,concluído
1162,2026-04-10,41,App,16,2,concluído
1163,2025-03-31,259,Site,53,4,concluído
1164,2025-10-25,376,Marketplace,28,3,concluído
1165,2025-05-09,130,Marketplace,26,2,concluído
1166,2025-11-18,28,Marketplace,28,4,concluído
1167,2025-05-25,351,Marketplace,18,4,concluído
1168,2026-08-03,190,App,20,4,concluído
1169,2025-02-16,11,Marketplace,9,4,concluído
1170,2026-08-02,337,Site,30,3,cancelado
1171,2026-04-21,272,Site,29,4,concluído
1172,2026-05-29,29,App,23,2,concluído
1173,2026-05-26,104,Marketplace,60,4,concluído
1174,2025-04-23,8,Site,7,1,concluído
1175,2026-07-13,382,Marketplace,55,2,concluído
1176,2025-12-23,10,App,53,4,concluído
1177,2026-08-01,319,App,2,1,concluído
1178,2026-06-11,205,Site,43,3,concluído
1179,2025-12-14,234,App,13,2,concluído
1180,2025-08-13,325,Site,3,1,cancelado
1181,2025-03-12,358,App,52,1,cancelado
1182,2025-03-02,51,Site,7,3,concluído
1183,2025-08-22,8,App,18,3,concluído
1184,2026-05-02,50,App,6,3,concluído
1185,2025-10-31,274,Site,9,1,concluído
1186,2025-10-17,228,App,4,2,cancelado
1187,2025-05-27,34,App,51,1,concluído
1188,2025-12-05,94,App,4,1,concluído
1189,2026-01-18,215,App,46,2,concluído
1190,2026-08-13,293,Site,10,3,concluído
1191,2026-03-14,138,App,55,2,cancelado
1192,2025-12-31,380,App,51,1,concluído
1193,2026-07-01,397,Site,38,1,concluído
1194,2025-09-12,307,Site,50,2,concluído
1195,2026-07-15,182,Site,18,2,concluído
1196,2025-08-10,351,App,47,4,concluído
1197,2025-03-18,292,Marketplace,14,3,concluído
1198,2025-09-08,208,Site,37,4,concluído
1199,2025-03-19,178,App,56,1,concluído
1200,2025-03-13,333,Marketplace,44,2,concluído
1201,2026-06-13,223,Site,17,1,concluído
1202,2026-04-22,74,Site,45,1,concluído
1203,2025-05-13,400,Marketplace,53,4,concluído
1204,2026-05-18,28,App,54,2,cancelado
1205,2025-02-11,279,Marketplace,45,3,concluído
1206,2025-06-20,263,Site,44,2,cancelado
1207,2026-02-28,235,App,48,1,concluído
1208,2025-07-02,21,App,45,4,concluído
1209,2026-03-15,198,App,9,3,concluído
1210,2026-06-09,357,Marketplace,49,3,concluído
1211,2025-02-09,96,App,11,3,concluído
1212,2025-01-15,277,App,34,2,concluído
1213,2026-07-19,344,Site,21,2,cancelado
1214,2025-11-09,381,Site,13,4,cancelado
1215,2025-10-31,207,App,17,1,concluído
1216,2025-10-06,126,Marketplace,6,2,concluído
1217,2025-09-18,280,Site,27,2,concluído
1218,2026-02-19,195,Marketplace,26,3,concluído
1219,2025-12-14,251,App,25,4,concluído
1220,2025-04-09,297,App,6,4,concluído
1221,2026-01-11,285,Site,37,3,concluído
1222,2026-02-05,98,App,11,1,concluído
1223,2025-03-10,303,Site,52,4,concluído
1224,2025-08-15,217,App,2,2,concluído
1225,2026-04-20,373,Marketplace,4,2,concluído
1226,2026-01-07,264,Marketplace,19,4,concluído
1227,2025-03-23,357,Marketplace,25,2,concluído
1228,2025-01-25,392,Marketplace,59,2,concluído
1229,2025-12-15,398,Marketplace,32,4,concluído
1230,2025-10-05,298,Site,23,2,concluído
1231,2026-07-31,239,App,51,3,concluído
1232,2025-11-10,48,Marketplace,15,1,concluído
1233,2026-07-13,155,Marketplace,54,4,concluído
1234,2025-05-09,191,Marketplace,25,2,concluído
1235,2025-09-26,313,Marketplace,19,3,concluído
1236,2025-03-25,236,App,19,3,concluído
1237,2025-12-11,176,Marketplace,1,2,concluído
1238,2025-04-24,59,Marketplace,41,2,concluído
1239,2025-10-23,287,Site,35,1,concluído
1240,2025-07-26,173,Marketplace,39,2,concluído
1241,2025-04-22,15,Site,40,2,concluído
1242,2025-02-28,114,Marketplace,2,2,concluído
1243,2025-11-04,352,App,53,2,concluído
1244,2026-07-23,48,Marketplace,31,3,concluído
1245,2025-04-30,163,App,42,4,concluído
1246,2025-08-31,205,App,3,4,concluído
1247,2025-05-15,34,App,46,4,concluído
1248,2026-05-01,67,Site,41,3,concluído
1249,2025-09-06,377,App,23,2,concluído
1250,2026-08-08,237,Marketplace,57,3,concluído
1251,2025-05-28,85,Site,40,1,concluído
1252,2025-02-18,68,Marketplace,55,4,cancelado
1253,2025-12-16,171,App,50,3,concluído
1254,2026-01-27,290,App,13,1,concluído
1255,2026-08-18,293,Marketplace,60,2,concluído
1256,2026-06-07,79,Site,45,2,concluído
1257,2026-06-15,291,Site,12,2,concluído
1258,2026-01-16,359,Marketplace,48,1,concluído
1259,2025-08-04,91,Marketplace,26,1,concluído
1260,2025-09-15,11,Site,52,2,concluído
1261,2025-03-22,384,Marketplace,11,2,concluído
1262,2025-09-16,209,Site,16,4,concluído
1263,2025-08-07,311,Site,21,2,concluído
1264,2025-01-22,129,App,28,2,concluído
1265,2025-05-03,120,App,38,4,concluído
1266,2025-11-17,91,App,14,4,concluído
1267,2025-08-10,87,Marketplace,43,1,concluído
1268,2026-08-20,189,Site,2,1,concluído
1269,2025-10-15,43,App,20,1,concluído
1270,2026-07-30,337,Site,40,2,concluído
1271,2026-02-01,205,App,16,3,concluído
1272,2025-01-25,367,App,26,2,concluído
1273,2025-05-03,201,Marketplace,37,1,concluído
1274,2026-02-28,122,Site,15,1,concluído
1275,2025-11-24,206,App,58,3,concluído
1276,2025-07-01,62,Site,51,2,concluído
1277,2025-11-10,330,App,59,1,concluído
1278,2026-06-26,289,Site,30,3,concluído
1279,2025-08-22,59,Marketplace,21,3,concluído
1280,2025-01-28,233,Site,60,2,concluído
1281,2025-07-06,216,Site,44,4,concluído
1282,2026-07-16,81,App,48,4,concluído
1283,2026-04-03,49,Site,11,1,concluído
1284,2026-05-18,305,App,53,4,concluído
1285,2026-07-01,106,App,32,1,concluído
1286,2025-03-12,208,Marketplace,47,2,concluído
1287,2025-06-19,100,Site,50,4,concluído
1288,2025-02-05,262,Site,7,4,concluído
1289,2025-01-03,20,App,6,1,concluído
1290,2026-05-16,144,Marketplace,4,1,concluído
1291,2026-07-17,219,App,39,1,concluído
1292,2025-04-04,176,Site,55,2,concluído
1293,2026-03-10,245,Marketplace,2,2,cancelado
1294,2025-11-17,73,Site,9,2,concluído
1295,2025-02-11,177,Marketplace,30,2,concluído
1296,2026-07-04,303,App,24,3,concluído
1297,2026-06-07,134,Site,7,4,concluído
1298,2025-12-07,63,Marketplace,37,3,concluído
1299,2026-03-01,340,Site,55,2,concluído
1300,2025-08-27,312,Site,13,3,concluído
1301,2026-04-21,273,App,1,3,concluído
1302,2025-09-25,320,Marketplace,14,4,concluído
1303,2026-08-17,312,Marketplace,12,4,concluído
1304,2025-02-07,299,Site,28,2,concluído
1305,2025-04-14,204,Marketplace,7,4,concluído
1306,2026-08-05,8,Site,22,4,concluído
1307,2025-06-23,239,Site,8,1,concluído
1308,2025-07-06,110,App,41,3,cancelado
1309,2026-04-20,310,Site,29,1,concluído
1310,2025-04-24,188,Marketplace,5,2,cancelado
1311,2025-11-05,363,Site,3,1,concluído
1312,2025-06-21,239,App,30,2,concluído
1313,2025-04-29,221,Site,36,3,concluído
1314,2026-08-02,368,Marketplace,11,2,concluído
1315,2025-04-30,191,Marketplace,20,1,concluído
1316,2025-02-26,151,App,37,2,concluído
1317,2026-02-09,149,App,29,3,concluído
1318,2026-06-05,351,Site,7,4,concluído
1319,2025-03-18,303,App,24,1,concluído
1320,2026-03-01,66,Marketplace,12,2,concluído
1321,2025-11-21,197,Site,56,1,concluído
1322,2026-05-14,149,Site,49,1,cancelado
1323,2025-03-18,259,App,19,1,concluído
1324,2026-08-09,21,Site,15,4,concluído
1325,2026-01-07,286,Marketplace,9,4,concluído
1326,2026-05-21,297,Site,45,3,cancelado
1327,2025-08-06,91,App,56,2,concluído
1328,2026-07-21,61,App,17,4,concluído
1329,2026-01-11,252,Marketplace,39,2,concluído
1330,2025-03-18,103,Marketplace,15,3,concluído
1331,2026-07-08,377,App,56,3,concluído
1332,2026-04-23,311,Site,18,3,concluído
1333,2025-06-30,383,App,6,2,concluído
1334,2025-11-24,214,Site,53,2,concluído
1335,2025-08-21,376,App,57,2,cancelado
1336,2025-11-23,6,Marketplace,24,3,concluído
1337,2026-08-03,116,Marketplace,55,3,cancelado
1338,2026-06-24,1,App,15,2,concluído
1339,2025-05-10,272,Site,17,3,concluído
1340,2026-08-07,205,App,33,1,concluído
1341,2025-09-20,116,App,37,2,concluído
1342,2026-02-27,122,App,24,4,concluído
1343,2026-04-04,258,App,48,3,concluído
1344,2025-10-17,73,Marketplace,48,3,concluído
1345,2025-10-01,206,App,8,4,concluído
1346,2025-10-01,246,Marketplace,60,3,concluído
1347,2026-06-02,96,App,10,3,concluído
1348,2025-08-20,92,Site,32,2,concluído
1349,2025-06-17,142,Site,26,4,concluído
1350,2025-08-05,237,Marketplace,28,3,concluído
1351,2025-04-27,102,App,8,3,concluído
1352,2025-08-23,152,App,21,1,cancelado
1353,2025-03-10,218,Site,2,4,concluído
1354,2025-02-23,75,Site,59,2,cancelado
1355,2026-03-11,228,Site,9,2,concluído
1356,2025-02-16,56,App,29,1,concluído
1357,2025-12-07,58,App,13,1,concluído
1358,2026-04-13,95,Marketplace,11,1,concluído
1359,2026-03-11,115,Site,24,1,concluído
1360,2025-09-25,12,Site,59,1,concluído
1361,2025-04-27,385,App,29,2,concluído
1362,2026-07-13,124,App,58,4,concluído
1363,2026-05-17,322,Marketplace,50,4,concluído
1364,2026-01-03,361,Site,27,1,concluído
1365,2025-02-22,321,App,55,2,concluído
1366,2025-01-22,333,Marketplace,21,4,concluído
1367,2025-07-09,41,Site,31,3,concluído
1368,2025-04-05,149,App,41,4,concluído
1369,2026-06-01,299,App,36,2,concluído
1370,2025-05-04,231,Site,50,1,concluído
1371,2025-06-19,3,App,10,1,concluído
1372,2026-08-09,227,Site,30,3,concluído
1373,2026-05-06,322,Site,40,1,cancelado
1374,2025-05-12,332,App,20,2,concluído
1375,2025-08-19,154,Marketplace,53,2,concluído
1376,2025-11-06,95,App,19,4,cancelado
1377,2026-02-03,124,Site,19,4,concluído
1378,2026-07-16,119,Site,20,2,concluído
1379,2026-06-07,139,Site,41,3,concluído
1380,2026-08-10,121,Site,8,2,concluído
1381,2025-01-25,183,Site,9,4,concluído
1382,2025-05-22,17,Marketplace,47,2,concluído
1383,2025-12-04,111,Marketplace,13,3,concluído
1384,2025-01-30,126,Marketplace,7,4,concluído
1385,2025-08-02,62,App,16,1,concluído
1386,2025-04-03,352,Site,24,1,concluído
1387,2026-07-14,271,Site,2,2,concluído
1388,2025-02-07,365,App,51,4,concluído
1389,2025-03-31,225,Marketplace,8,3,concluído
1390,2025-04-28,44,App,25,1,concluído
1391,2025-03-31,362,App,13,2,concluído
1392,2025-12-08,184,App,18,3,concluído
1393,2025-08-07,274,App,3,4,concluído
1394,2026-07-02,153,App,57,2,concluído
1395,2025-06-06,198,Site,57,1,concluído
1396,2025-11-19,196,Site,8,1,concluído
1397,2026-02-01,114,App,12,1,concluído
1398,2026-01-11,222,App,54,1,concluído
1399,2026-04-23,294,Marketplace,25,2,concluído
1400,2025-05-02,9,App,4,2,concluído
1401,2025-11-01,53,Site,9,2,concluído
1402,2026-04-26,337,Site,25,4,concluído
1403,2026-06-02,228,Site,34,2,concluído
1404,2026-01-06,390,Marketplace,38,3,concluído
1405,2026-01-27,242,Site,10,3,concluído
1406,2026-06-03,262,Marketplace,23,1,concluído
1407,2026-01-10,360,Marketplace,16,4,concluído
1408,2026-07-24,265,App,33,2,concluído
1409,2025-03-18,132,App,20,4,concluído
1410,2025-07-28,212,App,13,1,concluído
1411,2025-03-09,95,App,49,4,concluído
1412,2025-02-24,134,Site,35,3,concluído
1413,2025-10-11,273,App,29,1,concluído
1414,2025-05-16,60,App,9,4,concluído
1415,2025-09-02,269,App,5,3,concluído
1416,2025-09-20,234,Site,48,4,concluído
1417,2026-01-08,124,Site,59,1,concluído
1418,2026-07-22,18,Marketplace,36,4,concluído
1419,2026-05-25,282,App,3,4,concluído
1420,2025-08-15,330,App,29,2,concluído
1421,2025-07-15,293,Marketplace,17,2,concluído
1422,2026-04-08,169,Site,4,2,cancelado
1423,2025-03-16,262,Site,9,2,concluído
1424,2025-11-21,166,Site,30,4,concluído
1425,2025-09-11,144,App,26,4,concluído
1426,2025-04-20,131,Marketplace,34,1,concluído
1427,2026-01-05,85,Site,42,1,concluído
1428,2025-07-12,388,Site,16,1,concluído
1429,2025-04-22,267,Site,18,3,concluído
1430,2026-01-27,70,App,41,2,concluído
1431,2025-04-15,347,App,12,4,concluído
1432,2026-02-08,61,Marketplace,5,4,concluído
1433,2025-04-08,238,Site,52,1,concluído
1434,2025-09-18,67,App,13,3,concluído
1435,2026-04-30,145,App,8,4,concluído
1436,2025-05-18,264,Marketplace,45,4,concluído
1437,2026-04-06,400,App,32,3,concluído
1438,2026-03-10,397,Site,9,2,concluído
1439,2026-06-26,359,Site,52,4,concluído
1440,2025-04-12,95,Marketplace,15,2,concluído
1441,2026-03-06,38,Site,41,4,concluído
1442,2026-07-17,363,Marketplace,40,2,concluído
1443,2026-04-03,370,App,50,4,concluído
1444,2025-04-23,112,Marketplace,44,4,concluído
1445,2026-05-09,8,Marketplace,43,3,concluído
1446,2025-03-06,260,Site,4,1,concluído
1447,2025-12-20,31,Site,57,1,concluído
1448,2025-10-26,17,App,8,4,concluído
1449,2025-11-15,375,Site,16,4,concluído
1450,2025-11-08,199,App,27,3,concluído
1451,2025-01-19,45,App,18,4,concluído
1452,2025-11-01,262,Marketplace,36,4,concluído
1453,2026-07-17,148,App,4,2,concluído
1454,2025-09-20,215,Site,28,4,concluído
1455,2025-06-16,360,App,21,4,concluído
1456,2026-08-20,96,App,39,2,concluído
1457,2025-03-01,259,App,32,1,cancelado
1458,2025-10-19,332,App,46,3,concluído
1459,2025-11-04,170,Site,10,2,concluído
1460,2025-10-14,389,Marketplace,57,2,concluído
1461,2026-07-08,180,Site,24,3,concluído
1462,2025-09-11,184,Marketplace,21,4,concluído
1463,2026-08-07,354,Site,33,1,concluído
1464,2025-02-10,255,Site,10,4,concluído
1465,2026-03-17,348,App,49,2,concluído
1466,2025-12-22,317,App,16,3,concluído
1467,2025-05-25,285,Marketplace,56,4,cancelado
1468,2025-05-17,97,Site,9,1,concluído
1469,2026-03-08,160,Site,52,1,concluído
1470,2026-01-18,346,Marketplace,24,4,cancelado
1471,2026-01-02,247,App,37,2,concluído
1472,2025-01-31,113,Marketplace,53,4,concluído
1473,2025-12-25,131,App,8,2,concluído
1474,2026-08-12,311,Marketplace,21,3,concluído
1475,2025-01-11,72,App,57,3,concluído
1476,2025-10-09,45,App,9,4,concluído
1477,2025-10-24,307,Site,7,3,concluído
1478,2026-06-23,116,App,32,3,concluído
1479,2025-06-19,307,Marketplace,2,2,concluído
1480,2025-10-13,214,Site,60,2,concluído
1481,2026-03-07,400,App,55,2,concluído
1482,2025-02-06,210,App,12,2,concluído
1483,2026-04-26,347,Marketplace,11,4,concluído
1484,2026-05-09,341,Site,47,1,concluído
1485,2026-03-08,85,Marketplace,32,3,concluído
1486,2026-01-24,399,App,50,3,concluído
1487,2026-03-25,299,Marketplace,59,4,concluído
1488,2026-04-15,43,Site,25,3,cancelado
1489,2026-06-27,3,Site,16,2,concluído
1490,2025-09-14,109,App,38,1,concluído
1491,2025-10-01,7,App,39,2,concluído
1492,2026-01-18,144,Marketplace,26,2,concluído
1493,2025-04-26,399,Marketplace,18,1,concluído
1494,2026-05-29,192,App,16,3,concluído
1495,2026-04-08,10,Marketplace,32,2,concluído
1496,2026-01-14,198,App,26,4,concluído
1497,2025-06-30,88,App,28,1,concluído
1498,2025-07-28,343,App,6,4,concluído
1499,2025-09-18,37,App,53,2,concluído
1500,2026-02-02,309,App,43,2,concluído
1501,2026-04-12,179,App,56,2,concluído
1502,2026-02-08,8,App,50,4,concluído
1503,2026-07-12,270,Site,38,3,concluído
1504,2026-07-31,183,Marketplace,19,1,concluído
1505,2026-02-27,309,Site,40,4,concluído
1506,2025-08-11,248,App,34,1,concluído
1507,2025-12-26,315,Marketplace,56,2,concluído
1508,2025-09-13,185,App,14,3,concluído
1509,2026-01-13,4,Marketplace,2,3,concluído
1510,2026-05-03,53,Site,8,2,cancelado
1511,2025-08-10,184,App,11,4,concluído
1512,2025-10-31,159,App,40,4,concluído
1513,2025-01-28,318,Marketplace,9,4,concluído
1514,2026-03-18,165,Marketplace,9,2,concluído
1515,2025-10-21,345,Site,24,4,concluído
1516,2025-10-03,76,Marketplace,47,1,cancelado
1517,2025-11-16,154,Marketplace,26,4,concluído
1518,2025-05-10,303,App,17,3,concluído
1519,2025-12-25,50,Site,18,3,concluído
1520,2026-03-24,129,App,50,1,concluído
1521,2025-07-29,301,Site,26,4,concluído
1522,2025-03-20,236,App,23,2,concluído
1523,2025-08-21,312,Marketplace,47,3,concluído
1524,2025-04-30,207,Site,23,1,concluído
1525,2025-08-13,344,App,22,4,concluído
1526,2026-01-12,351,App,46,2,concluído
1527,2025-03-10,390,Site,20,4,concluído
1528,2026-03-25,49,Site,31,4,concluído
1529,2025-05-15,237,Marketplace,40,3,concluído
1530,2026-06-21,46,App,13,1,concluído
1531,2026-03-16,92,Site,8,2,concluído
1532,2025-06-13,121,Site,52,3,concluído
1533,2025-12-04,259,App,18,3,concluído
1534,2025-03-08,173,Site,21,3,concluído
1535,2025-03-01,346,App,36,1,concluído
1536,2026-07-28,120,App,7,3,concluído
1537,2026-04-27,247,Site,3,1,concluído
1538,2025-04-03,306,Marketplace,25,2,concluído
1539,2025-06-19,393,App,59,1,concluído
1540,2025-04-29,99,App,35,3,concluído
1541,2025-08-26,294,Site,35,3,concluído
1542,2025-06-24,34,Marketplace,37,4,concluído
1543,2025-07-16,218,Site,52,2,concluído
1544,2025-11-14,166,App,51,1,concluído
1545,2025-04-24,384,Site,2,1,concluído
1546,2026-06-14,310,Site,33,4,concluído
1547,2026-03-13,371,Site,33,4,concluído
1548,2026-04-02,341,App,14,1,concluído
1549,2025-04-12,165,App,59,3,cancelado
1550,2026-03-01,294,App,16,2,concluído
1551,2026-05-17,13,Site,51,2,cancelado
1552,2025-04-16,224,App,7,3,concluído
1553,2026-03-27,19,App,37,4,concluído
1554,2025-08-03,290,Site,45,1,cancelado
1555,2026-04-18,387,Marketplace,31,4,concluído
1556,2025-10-15,273,App,7,1,concluído
1557,2026-04-27,336,Site,8,3,concluído
1558,2025-03-30,94,Site,37,1,concluído
1559,2025-08-22,398,App,52,1,concluído
1560,2025-06-14,221,Marketplace,36,1,concluído
1561,2025-05-30,270,Marketplace,7,4,concluído
1562,2025-07-04,309,App,48,3,concluído
1563,2025-08-18,256,App,28,3,concluído
1564,2025-03-18,127,App,5,1,concluído
1565,2026-03-01,245,App,23,4,cancelado
1566,2025-11-27,262,Site,13,4,concluído
1567,2026-05-13,343,Marketplace,60,2,concluído
1568,2026-02-28,193,Marketplace,55,4,concluído
1569,2025-03-31,201,App,7,1,concluído
1570,2025-02-11,202,Site,35,2,concluído
1571,2025-09-11,46,App,1,1,concluído
1572,2025-10-16,37,Site,28,1,concluído
1573,2025-05-25,9,App,10,4,concluído
1574,2026-04-15,267,Marketplace,45,2,concluído
1575,2025-12-15,168,Marketplace,5,3,concluído
1576,2026-03-25,347,App,55,4,concluído
1577,2025-03-07,281,Site,14,4,concluído
1578,2026-05-05,57,Site,16,2,concluído
1579,2025-05-04,41,Marketplace,54,2,concluído
1580,2025-09-26,147,Site,55,1,concluído
1581,2025-09-21,369,App,6,4,concluído
1582,2026-05-08,20,Site,7,4,concluído
1583,2025-06-16,75,App,52,3,concluído
1584,2025-05-25,12,Site,59,2,concluído
1585,2025-07-23,166,App,30,4,concluído
1586,2025-08-05,396,Site,10,2,concluído
1587,2025-04-20,274,Marketplace,10,2,concluído
1588,2025-04-16,198,App,16,4,concluído
1589,2025-05-19,58,Site,42,2,concluído
1590,2025-10-08,143,Site,6,4,concluído
1591,2025-07-26,210,App,39,1,concluído
1592,2025-08-24,110,Site,49,2,concluído
1593,2026-03-08,283,Site,9,2,concluído
1594,2025-05-25,393,App,60,2,concluído
1595,2026-06-30,83,Marketplace,60,4,concluído
1596,2026-03-28,101,Site,18,2,concluído
1597,2025-04-15,51,Site,7,4,concluído
1598,2025-07-08,291,App,20,1,cancelado
1599,2025-04-21,185,App,16,2,concluído
1600,2025-06-13,114,App,17,2,concluído
1601,2025-08-08,88,Marketplace,56,3,concluído
1602,2025-03-20,29,Marketplace,10,1,concluído
1603,2025-01-09,191,Marketplace,20,2,concluído
1604,2025-09-21,274,App,48,3,concluído
1605,2026-02-25,95,Site,4,2,concluído
1606,2025-07-01,1,Marketplace,4,4,concluído
1607,2026-06-01,190,Site,19,2,concluído
1608,2025-08-10,271,App,59,4,cancelado
1609,2026-06-25,138,Marketplace,51,1,concluído
1610,2025-05-22,101,App,56,4,concluído
1611,2025-11-20,62,App,52,2,concluído
1612,2026-04-03,299,Marketplace,8,1,concluído
1613,2025-02-05,345,Site,25,3,concluído
1614,2026-07-13,308,App,32,1,concluído
1615,2025-08-07,208,Site,10,1,concluído
1616,2025-10-26,290,Marketplace,60,3,concluído
1617,2026-01-13,159,App,37,4,concluído
1618,2026-01-21,10,Marketplace,52,2,concluído
1619,2025-01-15,148,App,16,3,cancelado
1620,2026-06-05,282,App,43,1,concluído
1621,2026-01-10,259,Site,7,1,concluído
1622,2026-08-23,397,Site,2,4,concluído
1623,2025-10-10,399,App,39,1,concluído
1624,2026-01-04,98,Site,5,2,concluído
1625,2025-09-22,4,Site,17,3,concluído
1626,2026-06-18,110,Site,48,1,concluído
1627,2026-05-15,351,Site,30,4,concluído
1628,2026-06-30,326,Marketplace,23,3,concluído
1629,2025-10-30,40,Site,18,2,concluído
1630,2026-04-20,65,Site,41,4,concluído
1631,2025-08-04,226,Site,58,3,concluído
1632,2025-10-04,265,Site,45,3,concluído
1633,2026-04-02,393,App,22,1,concluído
1634,2025-02-18,303,App,26,1,concluído
1635,2026-03-03,85,App,7,1,concluído
1636,2025-01-10,15,App,9,3,cancelado
1637,2025-12-15,254,Marketplace,17,4,cancelado
1638,2025-10-14,222,Site,24,4,concluído
1639,2025-10-09,369,Site,60,3,concluído
1640,2025-10-24,231,Site,53,1,concluído
1641,2025-10-23,201,Site,7,3,concluído
1642,2025-09-02,122,Site,20,3,concluído
1643,2025-09-28,35,Site,4,3,concluído
1644,2025-12-07,351,Site,4,3,concluído
1645,2026-04-04,331,App,23,3,cancelado
1646,2025-11-28,66,Site,58,3,cancelado
1647,2026-01-21,282,Site,12,2,concluído
1648,2026-05-17,146,Marketplace,41,1,cancelado
1649,2026-08-17,175,Marketplace,24,1,concluído
1650,2025-03-07,340,Marketplace,33,4,concluído
1651,2026-03-04,337,Site,53,2,concluído
1652,2025-05-16,77,App,50,2,concluído
1653,2025-04-29,124,Site,50,2,concluído
1654,2026-04-21,329,Marketplace,25,1,concluído
1655,2025-02-11,367,Marketplace,3,4,concluído
1656,2026-05-24,32,Marketplace,60,1,concluído
1657,2026-04-08,334,App,60,1,concluído
1658,2026-08-20,196,Site,52,2,concluído
1659,2026-02-05,237,Marketplace,29,2,concluído
1660,2026-06-08,31,Site,17,1,concluído
1661,2025-03-13,273,Site,11,2,concluído
1662,2026-06-18,272,Site,23,4,concluído
1663,2025-04-07,266,Site,21,2,concluído
1664,2025-07-08,317,App,17,4,cancelado
1665,2025-03-18,379,App,58,2,concluído
1666,2025-08-29,340,Marketplace,40,1,concluído
1667,2026-03-26,298,Marketplace,14,1,concluído
1668,2025-06-10,393,Marketplace,39,4,concluído
1669,2026-05-09,270,App,43,2,concluído
1670,2025-12-30,269,App,32,4,cancelado
1671,2026-01-13,217,App,57,4,concluído
1672,2026-07-18,308,Marketplace,58,1,concluído
1673,2025-09-17,29,Site,26,2,concluído
1674,2025-07-26,203,Marketplace,29,3,concluído
1675,2026-08-20,171,App,14,1,concluído
1676,2025-12-01,366,Site,48,4,concluído
1677,2026-01-04,30,Marketplace,56,1,concluído
1678,2025-06-27,258,App,40,4,concluído
1679,2025-05-10,74,Marketplace,13,4,concluído
1680,2025-04-12,354,Site,32,3,concluído
1681,2025-05-15,341,App,48,4,concluído
1682,2025-04-28,95,App,3,4,concluído
1683,2026-03-25,349,Marketplace,36,3,concluído
1684,2025-02-04,199,Site,40,3,concluído
1685,2026-01-13,389,Marketplace,33,2,concluído
1686,2026-07-24,292,Marketplace,39,2,concluído
1687,2026-04-05,14,Site,54,4,concluído
1688,2025-08-30,82,Marketplace,8,1,concluído
1689,2025-02-05,162,Marketplace,35,2,concluído
1690,2026-05-16,85,App,48,3,concluído
1691,2025-01-02,53,Marketplace,50,2,concluído
1692,2026-02-13,392,App,29,2,concluído
1693,2026-02-07,348,App,60,3,concluído
1694,2025-04-26,174,Site,20,2,concluído
1695,2026-03-20,87,Marketplace,27,4,concluído
1696,2025-04-16,73,App,50,1,concluído
1697,2025-05-16,367,Site,27,2,concluído
1698,2026-05-03,133,Site,21,4,concluído
1699,2026-08-11,6,App,34,2,concluído
1700,2025-06-08,159,Marketplace,38,3,concluído
1701,2026-07-07,182,Marketplace,59,3,concluído
1702,2026-07-02,250,App,38,2,concluído
1703,2026-04-07,136,App,12,3,concluído
1704,2025-03-26,370,Marketplace,4,1,concluído
1705,2025-06-29,258,App,59,3,concluído
1706,2026-02-11,395,App,26,1,concluído
1707,2026-08-23,147,Marketplace,13,3,concluído
1708,2026-05-04,261,Marketplace,14,1,concluído
1709,2025-09-10,147,Site,7,4,concluído
1710,2025-05-22,280,Site,12,3,concluído
1711,2026-07-31,299,Marketplace,47,1,concluído
1712,2025-06-15,129,Site,40,1,concluído
1713,2025-07-25,376,Site,36,1,concluído
1714,2026-08-02,343,Marketplace,1,4,concluído
1715,2025-12-03,358,Site,41,3,concluído
1716,2025-06-08,88,Site,59,2,concluído
1717,2025-01-04,288,App,56,2,concluído
1718,2025-09-15,43,Site,24,1,concluído
1719,2026-08-15,43,Site,37,1,cancelado
1720,2025-09-17,390,App,18,4,concluído
1721,2026-02-24,62,Site,54,3,concluído
1722,2025-06-01,346,Marketplace,56,2,cancelado
1723,2026-04-11,173,Site,14,1,concluído
1724,2026-04-11,122,App,30,2,concluído
1725,2025-12-31,30,App,15,2,concluído
1726,2026-04-09,271,App,37,1,concluído
1727,2025-12-14,289,Marketplace,18,3,cancelado
1728,2025-08-15,187,Site,42,3,concluído
1729,2026-03-19,324,App,59,4,concluído
1730,2026-05-17,130,Marketplace,53,2,concluído
1731,2026-05-20,221,App,11,2,concluído
1732,2025-05-08,115,App,8,4,concluído
1733,2026-02-10,233,Marketplace,49,2,concluído
1734,2025-01-03,55,Site,5,3,concluído
1735,2025-12-10,191,Marketplace,25,3,concluído
1736,2025-12-09,220,Marketplace,60,4,cancelado
1737,2025-08-07,223,Marketplace,27,2,cancelado
1738,2026-08-20,179,App,1,3,concluído
1739,2026-06-14,258,Marketplace,59,1,concluído
1740,2025-01-24,205,Site,43,4,concluído
1741,2025-05-06,114,App,20,1,concluído
1742,2025-05-05,87,Marketplace,37,3,concluído
1743,2026-06-23,260,Site,37,1,concluído
1744,2025-11-08,376,Marketplace,34,2,cancelado
1745,2026-03-14,302,Site,58,1,concluído
1746,2026-05-01,256,Site,48,3,concluído
1747,2026-04-06,369,App,16,2,concluído
1748,2025-02-23,360,Marketplace,60,3,concluído
1749,2025-03-26,203,Site,58,2,concluído
1750,2025-08-26,44,App,3,1,concluído
1751,2025-07-23,254,App,18,3,cancelado
1752,2026-03-25,250,Marketplace,37,3,concluído
1753,2025-04-04,111,App,53,3,concluído
1754,2025-08-11,340,Site,44,2,cancelado
1755,2025-05-22,348,Site,35,3,concluído
1756,2025-04-24,133,App,19,3,concluído
1757,2025-04-14,191,Site,6,1,concluído
1758,2025-04-28,79,App,54,1,concluído
1759,2025-12-05,72,Marketplace,32,2,concluído
1760,2025-09-04,107,Marketplace,28,1,concluído
1761,2025-09-19,147,App,59,3,concluído
1762,2025-10-15,110,Site,10,1,concluído
1763,2026-03-21,61,Site,16,1,concluído
1764,2026-06-02,179,Marketplace,52,1,concluído
1765,2025-11-12,250,App,18,2,concluído
1766,2026-01-21,131,Site,57,1,concluído
1767,2026-03-20,214,Marketplace,52,3,concluído
1768,2026-02-19,109,App,6,1,cancelado
1769,2025-03-22,282,Site,28,4,cancelado
1770,2026-08-13,260,App,46,3,concluído
1771,2025-04-09,385,Site,30,1,concluído
1772,2025-09-05,22,App,13,2,concluído
1773,2026-01-27,342,Marketplace,3,1,concluído
1774,2025-08-31,137,Site,1,4,concluído
1775,2025-05-26,27,App,11,3,concluído
1776,2026-07-09,276,Marketplace,16,4,concluído
1777,2025-02-12,69,Marketplace,19,2,concluído
1778,2025-05-28,71,Site,52,1,concluído
1779,2026-08-19,392,Site,31,1,concluído
1780,2026-03-14,89,App,9,2,cancelado
1781,2025-02-22,219,Site,5,4,concluído
1782,2026-03-29,81,App,8,2,concluído
1783,2026-08-05,50,App,19,4,concluído
1784,2025-02-28,1,Marketplace,45,2,concluído
1785,2025-09-06,7,Site,3,1,concluído
1786,2025-10-08,190,App,25,2,concluído
1787,2025-03-20,174,App,27,1,concluído
1788,2025-05-01,16,Marketplace,9,3,concluído
1789,2025-04-15,140,App,4,1,concluído
1790,2025-04-22,110,App,14,3,concluído
1791,2025-08-31,229,App,10,2,concluído
1792,2025-10-06,398,App,48,2,concluído
1793,2025-05-23,277,App,56,3,concluído
1794,2025-06-23,368,Marketplace,38,3,concluído
1795,2025-04-26,77,App,46,4,concluído
1796,2026-04-23,87,Site,46,2,concluído
1797,2025-05-08,301,Site,53,4,concluído
1798,2026-06-29,125,Site,6,4,concluído
1799,2025-11-20,340,Site,60,4,concluído
1800,2026-04-27,186,Site,28,4,cancelado
1801,2026-01-17,81,Site,33,4,concluído
1802,2025-06-09,338,Site,48,2,concluído
1803,2025-12-27,221,Marketplace,30,3,concluído
1804,2025-06-14,322,Site,16,4,concluído
1805,2025-03-13,181,Marketplace,2,2,concluído
1806,2025-06-02,51,App,11,4,concluído
1807,2025-06-15,273,Site,6,3,concluído
1808,2025-03-23,50,Site,23,2,concluído
1809,2025-01-15,266,App,47,4,concluído
1810,2026-07-21,167,Marketplace,21,1,concluído
1811,2025-11-05,317,App,36,3,cancelado
1812,2025-08-30,349,App,12,4,concluído
1813,2026-07-12,163,Marketplace,36,1,concluído
1814,2025-05-15,353,App,58,2,cancelado
1815,2025-08-30,45,Site,19,3,concluído
1816,2026-05-24,43,App,29,1,concluído
1817,2026-01-15,398,Marketplace,58,4,concluído
1818,2025-08-28,230,Site,37,3,concluído
1819,2025-06-03,181,Site,24,2,concluído
1820,2025-01-22,63,Marketplace,8,2,cancelado
1821,2025-02-21,116,Site,57,1,concluído
1822,2025-04-08,275,Marketplace,37,1,concluído
1823,2026-04-17,329,Marketplace,4,3,concluído
1824,2026-01-19,367,Site,34,4,concluído
1825,2025-09-18,164,Marketplace,59,2,concluído
1826,2026-04-15,182,Site,56,1,concluído
1827,2025-04-07,66,App,12,3,concluído
1828,2025-05-07,34,App,25,3,concluído
1829,2025-08-24,176,Site,60,1,concluído
1830,2026-07-05,232,App,47,3,concluído
1831,2026-01-04,42,Site,34,1,concluído
1832,2026-05-26,164,App,19,1,concluído
1833,2025-05-29,257,Site,46,2,concluído
1834,2026-05-25,325,App,35,3,concluído
1835,2025-02-13,376,Marketplace,32,3,concluído
1836,2025-05-17,137,App,56,3,concluído
1837,2025-11-10,157,App,23,1,concluído
1838,2025-01-31,350,Site,38,2,concluído
1839,2026-05-30,278,Site,3,3,concluído
1840,2026-06-05,110,Site,43,3,concluído
1841,2025-11-21,275,Site,33,1,concluído
1842,2025-07-03,64,App,53,4,concluído
1843,2025-03-01,180,Marketplace,20,1,concluído
1844,2026-01-07,123,Site,56,4,cancelado
1845,2025-11-19,398,App,35,3,concluído
1846,2026-04-01,14,Marketplace,13,1,concluído
1847,2025-12-28,343,Site,10,2,concluído
1848,2025-03-18,113,Site,12,2,concluído
1849,2025-03-15,15,Site,19,4,concluído
1850,2026-04-14,265,Site,34,3,concluído
1851,2025-04-06,272,Site,53,2,concluído
1852,2026-07-18,57,App,60,4,cancelado
1853,2025-03-05,16,App,41,1,concluído
1854,2026-03-14,45,Marketplace,30,4,concluído
1855,2026-08-09,164,Site,37,4,concluído
1856,2025-09-22,53,Site,20,2,concluído
1857,2025-02-04,282,App,15,1,concluído
1858,2026-06-11,32,Site,33,4,concluído
1859,2025-04-23,316,App,50,4,concluído
1860,2025-11-13,350,App,4,2,cancelado
1861,2026-08-14,287,App,7,1,concluído
1862,2026-03-23,378,Site,11,2,concluído
1863,2025-01-28,376,Site,13,1,concluído
1864,2026-05-08,19,App,9,3,concluído
1865,2025-04-07,137,App,8,3,concluído
1866,2026-03-26,305,Site,2,2,concluído
1867,2026-01-08,136,Site,21,3,concluído
1868,2025-06-22,295,Site,44,3,cancelado
1869,2025-09-12,310,App,10,1,concluído
1870,2025-03-12,399,Site,20,2,concluído
1871,2026-08-16,132,Marketplace,59,4,concluído
1872,2025-05-24,140,Site,11,4,concluído
1873,2025-07-05,10,App,60,4,concluído
1874,2025-10-29,115,Site,31,4,concluído
1875,2026-02-08,113,App,44,1,concluído
1876,2025-10-31,182,App,20,2,concluído
1877,2025-10-31,169,App,20,2,concluído
1878,2025-12-16,343,Marketplace,24,3,cancelado
1879,2026-05-30,310,Site,8,4,concluído
1880,2025-08-26,292,Marketplace,19,3,cancelado
1881,2026-05-15,3,Site,54,3,concluído
1882,2026-04-18,189,Site,1,1,concluído
1883,2026-07-31,292,App,35,3,concluído
1884,2026-07-02,98,Site,42,4,concluído
1885,2026-04-24,170,App,9,4,concluído
1886,2025-05-29,291,Site,7,3,concluído
1887,2026-04-10,318,App,34,1,concluído
1888,2026-03-18,342,App,14,1,concluído
1889,2025-06-23,172,Site,59,3,concluído
1890,2026-02-11,160,App,12,4,concluído
1891,2025-06-01,154,App,8,4,concluído
1892,2025-11-10,268,Marketplace,20,2,cancelado
1893,2026-04-24,168,App,20,3,concluído
1894,2025-04-24,161,App,10,1,concluído
1895,2025-07-22,68,App,40,3,concluído
1896,2026-04-23,192,App,21,1,concluído
1897,2025-09-30,95,Site,32,4,concluído
1898,2026-07-31,210,App,15,4,concluído
1899,2025-01-05,356,Site,6,1,concluído
1900,2026-03-10,311,Site,4,4,concluído
1901,2026-05-04,192,App,4,4,concluído
1902,2026-07-05,392,Marketplace,53,2,concluído
1903,2025-04-05,393,Marketplace,16,2,cancelado
1904,2026-08-14,178,App,19,1,concluído
1905,2025-08-24,306,App,35,4,concluído
1906,2025-07-31,137,App,6,1,concluído
1907,2025-08-02,352,App,37,4,concluído
1908,2026-01-18,150,Site,32,3,concluído
1909,2026-01-31,104,Site,48,4,concluído
1910,2025-10-12,54,Site,8,2,concluído
1911,2025-02-12,338,App,2,4,concluído
1912,2026-08-15,119,App,47,2,concluído
1913,2025-05-14,326,Marketplace,23,2,concluído
1914,2025-02-26,35,Marketplace,4,2,concluído
1915,2025-12-25,201,App,34,4,concluído
1916,2025-09-05,172,Site,28,2,concluído
1917,2026-01-05,176,Site,58,2,cancelado
1918,2026-06-10,67,Site,57,3,cancelado
1919,2025-02-28,30,Site,33,3,concluído
1920,2025-06-20,139,Marketplace,10,3,concluído
1921,2025-11-06,189,App,45,2,concluído
1922,2026-04-18,318,App,13,1,concluído
1923,2025-12-27,185,Marketplace,51,4,cancelado
1924,2025-08-18,99,App,37,2,concluído
1925,2026-01-02,105,App,22,4,concluído
1926,2026-08-11,245,Site,59,2,concluído
1927,2025-10-16,175,Marketplace,31,3,concluído
1928,2026-06-15,361,Site,24,3,concluído
1929,2026-04-13,176,Marketplace,12,4,concluído
1930,2025-06-30,227,Site,39,1,concluído
1931,2025-05-30,26,App,17,3,concluído
1932,2026-04-08,78,Site,10,1,concluído
1933,2025-05-05,341,Marketplace,8,4,concluído
1934,2025-07-22,138,Marketplace,39,3,concluído
1935,2025-05-22,169,App,56,4,concluído
1936,2025-12-30,237,App,16,2,concluído
1937,2025-06-26,24,Marketplace,14,1,cancelado
1938,2026-01-31,203,App,37,3,concluído
1939,2026-07-15,139,App,9,1,concluído
1940,2026-05-13,60,Marketplace,6,2,concluído
1941,2026-07-23,168,Site,39,2,cancelado
1942,2025-01-15,179,App,32,1,concluído
1943,2025-10-01,75,App,2,1,concluído
1944,2025-05-13,218,App,15,3,concluído
1945,2026-07-05,299,Marketplace,12,4,concluído
1946,2026-03-04,107,Site,41,2,concluído
1947,2025-07-12,387,App,40,2,concluído
1948,2025-12-05,245,App,45,1,concluído
1949,2025-12-30,310,App,6,3,cancelado
1950,2025-10-25,29,App,51,4,concluído
1951,2025-10-12,307,App,13,3,concluído
1952,2025-02-03,135,Site,60,2,cancelado
1953,2025-09-29,285,App,53,3,concluído
1954,2025-07-28,322,App,28,4,concluído
1955,2026-05-06,101,Site,48,4,concluído
1956,2026-06-04,104,Site,41,1,concluído
1957,2026-03-27,24,App,47,2,concluído
1958,2025-01-19,243,App,2,4,concluído
1959,2026-05-20,310,App,6,3,cancelado
1960,2025-08-26,165,App,55,4,concluído
1961,2025-09-07,65,Site,47,4,concluído
1962,2026-07-22,127,App,37,1,concluído
1963,2026-06-05,162,Marketplace,19,3,concluído
1964,2025-01-31,367,Site,26,3,concluído
1965,2025-08-04,50,App,24,2,concluído
1966,2026-03-26,138,App,27,3,concluído
1967,2025-11-20,256,App,38,1,concluído
1968,2025-06-04,95,App,46,2,concluído
1969,2025-11-11,354,Site,24,2,cancelado
1970,2026-06-04,364,App,51,2,concluído
1971,2025-05-14,153,Marketplace,6,3,concluído
1972,2026-03-24,299,Site,49,4,concluído
1973,2026-03-17,303,Site,41,4,concluído
1974,2026-06-16,273,Marketplace,31,3,concluído
1975,2025-06-28,75,Site,23,2,concluído
1976,2025-05-10,20,Marketplace,23,4,concluído
1977,2025-11-25,139,Marketplace,22,4,concluído
1978,2025-11-15,53,App,57,4,concluído
1979,2025-09-03,117,App,2,4,cancelado
1980,2026-04-13,256,App,39,4,concluído
1981,2026-04-25,236,App,60,4,concluído
1982,2025-05-28,84,Site,33,3,concluído
1983,2026-04-23,8,App,39,3,concluído
1984,2025-05-19,91,Site,36,3,concluído
1985,2025-09-02,182,Marketplace,31,2,concluído
1986,2025-01-17,312,App,38,4,concluído
1987,2025-07-24,147,Site,55,3,concluído
1988,2026-07-30,115,App,43,3,concluído
1989,2025-09-23,221,Marketplace,51,3,concluído
1990,2026-03-03,29,Site,34,1,concluído
1991,2025-03-06,91,App,47,4,concluído
1992,2026-01-17,15,Site,53,3,cancelado
1993,2025-08-11,211,App,13,4,concluído
1994,2026-03-23,178,Site,52,1,concluído
1995,2026-07-11,234,Site,42,1,concluído
1996,2025-11-15,247,Site,27,4,cancelado
1997,2025-03-03,159,Site,47,3,concluído
1998,2025-10-13,348,Marketplace,11,3,concluído
1999,2025-03-15,368,Marketplace,42,2,concluído
2000,2025-09-27,45,Site,35,3,concluído
2001,2025-02-06,369,Site,54,3,concluído
2002,2026-01-20,79,Site,38,1,cancelado
2003,2025-07-06,100,Marketplace,32,3,concluído
2004,2025-05-01,212,Marketplace,32,3,concluído
2005,2025-01-11,12,App,34,2,concluído
2006,2026-06-17,146,App,54,2,concluído
2007,2026-05-18,78,App,48,4,concluído
2008,2026-05-03,194,App,6,3,concluído
2009,2025-02-04,326,App,32,2,concluído
2010,2025-07-29,370,App,18,3,concluído
2011,2026-08-06,85,Site,10,1,concluído
2012,2025-12-14,218,App,52,2,concluído
2013,2025-03-19,190,App,52,3,concluído
2014,2025-03-26,167,Site,57,2,concluído
2015,2025-06-07,254,App,24,1,concluído
2016,2026-08-07,396,Site,26,3,cancelado
2017,2025-04-12,163,Marketplace,47,4,concluído
2018,2026-06-26,27,Marketplace,12,2,concluído
2019,2026-02-11,367,Site,4,4,concluído
2020,2026-07-08,373,App,26,4,concluído
2021,2026-05-11,129,App,38,3,concluído
2022,2025-07-19,201,Marketplace,28,4,concluído
2023,2026-05-12,346,Site,13,2,concluído
2024,2025-04-12,202,Marketplace,32,4,concluído
2025,2025-06-24,193,Site,57,1,concluído
2026,2025-05-08,369,App,17,2,concluído
2027,2025-03-21,332,Site,25,3,concluído
2028,2025-02-24,203,Marketplace,19,1,concluído
2029,2025-04-23,65,Marketplace,18,4,concluído
2030,2025-03-14,176,App,40,4,concluído
2031,2025-08-17,271,Site,23,1,concluído
2032,2025-02-12,109,App,38,4,concluído
2033,2025-02-06,215,Marketplace,2,1,cancelado
2034,2026-08-17,264,App,40,1,concluído
2035,2025-02-22,35,Site,7,4,concluído
2036,2025-02-14,228,App,23,3,concluído
2037,2025-01-19,296,Site,53,4,concluído
2038,2025-03-21,86,Site,21,2,concluído
2039,2025-11-13,220,App,42,3,cancelado
2040,2026-05-12,284,Marketplace,22,1,concluído
2041,2026-03-17,18,Marketplace,55,3,concluído
2042,2025-12-15,258,Marketplace,58,4,concluído
2043,2025-02-21,104,App,55,3,concluído
2044,2026-04-10,159,Site,24,4,concluído
2045,2025-01-23,260,Site,20,2,concluído
2046,2026-01-14,2,Site,37,4,concluído
2047,2025-09-03,7,Site,50,3,concluído
2048,2026-06-14,179,Site,32,1,concluído
2049,2025-07-04,380,App,45,2,concluído
2050,2026-01-19,3,Site,53,2,concluído
2051,2025-09-21,316,App,46,1,concluído
2052,2025-11-10,30,App,23,4,cancelado
2053,2026-07-18,196,App,15,1,concluído
2054,2026-03-04,173,App,27,3,concluído
2055,2025-09-06,188,Marketplace,35,4,concluído
2056,2025-09-26,33,Site,51,2,cancelado
2057,2026-02-27,302,App,19,3,concluído
2058,2025-07-27,111,Marketplace,10,3,cancelado
2059,2025-04-11,309,Marketplace,19,4,concluído
2060,2025-10-08,263,Marketplace,36,1,concluído
2061,2025-02-10,221,Marketplace,14,2,concluído
2062,2025-04-12,124,Marketplace,24,3,concluído
2063,2025-09-10,261,Site,16,1,concluído
2064,2026-04-23,400,Marketplace,60,4,concluído
2065,2026-04-14,370,Marketplace,31,3,concluído
2066,2025-06-06,367,App,44,1,cancelado
2067,2025-09-11,88,Marketplace,32,1,concluído
2068,2025-04-03,235,Marketplace,1,1,concluído
2069,2026-03-30,160,Marketplace,16,3,concluído
2070,2025-05-28,387,Marketplace,51,3,concluído
2071,2026-04-25,381,App,31,2,concluído
2072,2026-05-21,348,Site,43,3,concluído
2073,2026-02-18,66,Site,46,2,concluído
2074,2025-07-18,128,Site,34,2,concluído
2075,2026-07-26,285,Marketplace,35,1,concluído
2076,2026-02-16,300,Marketplace,15,1,concluído
2077,2026-01-23,141,Site,15,3,concluído
2078,2026-05-29,55,Marketplace,9,3,concluído
2079,2026-06-13,55,App,18,1,concluído
2080,2025-02-16,274,Marketplace,38,1,concluído
2081,2026-06-13,182,App,56,2,concluído
2082,2026-04-05,197,Site,27,3,concluído
2083,2025-05-04,327,App,37,3,concluído
2084,2025-07-04,7,Site,52,3,concluído
2085,2026-03-28,302,App,41,1,concluído
2086,2025-05-10,110,App,16,2,concluído
2087,2025-09-29,373,Site,17,4,concluído
2088,2026-02-18,383,Site,39,3,concluído
2089,2026-01-26,201,App,18,4,concluído
2090,2026-06-30,127,Site,15,3,cancelado
2091,2025-03-08,94,App,36,4,concluído
2092,2025-06-27,73,App,39,3,concluído
2093,2026-08-14,400,App,16,3,concluído
2094,2025-12-08,76,Site,3,3,concluído
2095,2025-05-30,179,Marketplace,47,2,concluído
2096,2025-06-23,192,Site,24,2,concluído
2097,2025-07-23,272,Marketplace,38,1,concluído
2098,2025-11-29,338,Site,11,2,concluído
2099,2025-06-20,224,Marketplace,19,1,concluído
2100,2026-01-09,304,Marketplace,37,2,concluído
2101,2025-09-25,227,App,8,4,concluído
2102,2026-01-02,175,App,20,2,concluído
2103,2025-04-04,64,App,44,3,concluído
2104,2026-01-10,84,Site,47,2,concluído
2105,2026-07-09,173,Site,22,4,concluído
2106,2025-03-23,19,App,7,1,concluído
2107,2025-07-16,127,Marketplace,2,4,concluído
2108,2026-02-21,186,Marketplace,34,3,concluído
2109,2026-01-06,190,App,42,4,concluído
2110,2026-02-09,326,App,36,1,concluído
2111,2025-12-02,388,App,25,4,concluído
2112,2026-02-14,292,App,2,4,concluído
2113,2026-01-01,32,Marketplace,14,2,concluído
2114,2025-02-14,164,Site,3,3,concluído
2115,2026-03-27,292,App,28,3,concluído
2116,2025-09-26,238,Site,19,1,concluído
2117,2025-01-31,184,App,5,3,concluído
2118,2025-09-03,175,Site,37,3,concluído
2119,2025-09-19,163,Site,23,1,concluído
2120,2025-02-22,232,Site,58,2,cancelado
2121,2026-08-21,72,Site,26,3,concluído
2122,2025-05-14,208,Marketplace,6,4,concluído
2123,2025-07-18,83,App,43,1,concluído
2124,2025-09-22,273,Marketplace,43,4,concluído
2125,2026-05-15,346,App,56,4,concluído
2126,2026-03-22,204,App,42,4,concluído
2127,2026-04-08,156,Marketplace,22,1,concluído
2128,2025-05-23,377,Site,41,3,concluído
2129,2026-05-23,264,App,48,2,concluído
2130,2026-05-13,172,Site,31,4,concluído
2131,2025-10-06,12,Site,48,3,concluído
2132,2025-11-24,7,Marketplace,59,3,concluído
2133,2025-01-23,89,Site,46,1,concluído
2134,2026-04-02,95,App,31,4,concluído
2135,2026-07-31,289,Site,30,2,concluído
2136,2025-10-11,201,App,51,1,concluído
2137,2025-11-21,400,App,53,4,concluído
2138,2025-10-27,217,Site,16,4,concluído
2139,2025-02-19,362,Marketplace,1,2,concluído
2140,2026-01-07,221,App,49,3,concluído
2141,2026-03-09,144,Marketplace,15,3,concluído
2142,2026-07-11,286,Site,60,2,concluído
2143,2026-07-12,180,Marketplace,3,3,concluído
2144,2025-10-23,110,App,55,4,concluído
2145,2026-07-30,190,App,41,4,concluído
2146,2025-11-14,266,App,19,3,concluído
2147,2026-01-21,151,App,3,2,concluído
2148,2025-12-28,282,App,51,4,concluído
2149,2026-08-23,393,App,8,4,concluído
2150,2026-03-19,165,App,6,1,concluído
2151,2025-03-14,119,App,48,2,concluído
2152,2025-02-13,161,Marketplace,41,3,concluído
2153,2025-09-03,336,Marketplace,8,3,concluído
2154,2025-11-06,72,App,21,3,concluído
2155,2026-02-06,390,Marketplace,40,3,concluído
2156,2025-10-16,166,App,40,1,concluído
2157,2025-11-05,337,Site,22,1,concluído
2158,2026-07-08,315,Marketplace,25,4,concluído
2159,2025-07-20,314,Site,5,3,concluído
2160,2025-10-24,364,App,1,3,concluído
2161,2025-12-01,74,App,59,2,concluído
2162,2025-10-08,238,Site,14,2,concluído
2163,2026-08-04,40,Site,56,2,concluído
2164,2026-08-01,120,Site,3,3,concluído
2165,2025-11-04,17,Site,60,3,concluído
2166,2025-09-28,273,App,26,1,concluído
2167,2025-12-20,244,Site,49,2,concluído
2168,2025-04-19,297,App,51,4,concluído
2169,2025-09-13,71,Marketplace,22,3,concluído
2170,2025-05-11,133,Site,45,4,concluído
2171,2025-03-28,271,Site,21,3,concluído
2172,2025-02-27,331,Site,48,2,concluído
2173,2025-12-19,355,App,58,4,concluído
2174,2025-01-01,30,App,49,3,concluído
2175,2026-01-23,162,Site,44,1,concluído
2176,2025-09-17,5,Site,23,2,concluído
2177,2025-08-08,328,Site,7,3,concluído
2178,2026-04-07,50,Marketplace,31,2,concluído
2179,2025-11-20,329,App,8,2,concluído
2180,2026-03-17,63,App,31,4,concluído
2181,2026-03-02,7,Site,53,2,concluído
2182,2025-01-20,352,App,7,2,concluído
2183,2025-05-10,176,App,55,1,concluído
2184,2025-12-08,170,Marketplace,36,2,cancelado
2185,2026-08-09,259,Marketplace,3,4,concluído
2186,2025-04-03,110,Marketplace,44,2,concluído
2187,2025-03-05,277,App,1,2,concluído
2188,2026-07-19,172,App,37,3,cancelado
2189,2026-08-04,110,Site,31,4,concluído
2190,2025-04-11,158,Marketplace,45,4,concluído
2191,2025-08-30,3,App,23,2,concluído
2192,2026-01-11,121,App,8,1,concluído
2193,2025-04-28,237,App,24,3,cancelado
2194,2025-07-15,56,Marketplace,46,2,concluído
2195,2025-08-26,48,Marketplace,58,2,concluído
2196,2026-01-20,263,Site,13,1,concluído
2197,2025-07-04,172,App,22,4,concluído
2198,2025-09-05,55,Site,53,1,concluído
2199,2025-06-23,300,Site,19,2,concluído
2200,2026-04-01,311,App,15,2,concluído
2201,2025-04-02,14,App,50,1,cancelado
2202,2025-05-19,81,Site,30,4,concluído
2203,2025-05-30,149,App,35,3,cancelado
2204,2026-06-28,293,Marketplace,30,3,concluído
2205,2026-07-21,30,Site,37,1,concluído
2206,2025-10-28,323,App,17,1,concluído
2207,2025-04-04,128,Site,44,1,concluído
2208,2026-03-30,51,Site,22,3,concluído
2209,2025-10-23,346,App,32,3,concluído
2210,2026-05-25,35,Site,12,4,concluído
2211,2025-08-04,52,App,1,4,concluído
2212,2026-08-23,380,App,35,2,concluído
2213,2026-04-30,208,Site,9,1,concluído
2214,2025-05-15,186,Site,55,1,concluído
2215,2026-03-12,275,App,58,4,concluído
2216,2025-06-22,253,App,19,4,concluído
2217,2025-07-29,246,Site,18,3,concluído
2218,2025-05-31,10,App,31,1,concluído
2219,2026-02-14,221,Marketplace,13,4,concluído
2220,2025-06-07,112,Site,52,4,concluído
2221,2026-01-19,324,Marketplace,7,1,cancelado
2222,2025-12-16,203,App,28,4,concluído
2223,2026-03-27,50,Marketplace,12,3,concluído
2224,2026-08-20,355,App,50,4,concluído
2225,2025-01-06,114,App,9,3,cancelado
2226,2026-08-18,109,App,27,1,concluído
2227,2025-03-07,375,App,51,3,concluído
2228,2025-11-13,311,Marketplace,27,1,concluído
2229,2025-07-24,344,Site,12,2,concluído
2230,2026-01-19,265,Site,10,4,concluído
2231,2026-03-10,365,Site,37,4,cancelado
2232,2026-05-31,47,Site,8,2,concluído
2233,2025-08-30,240,Site,22,2,concluído
2234,2026-07-14,118,Marketplace,37,2,concluído
2235,2025-07-13,160,Site,23,1,concluído
2236,2025-05-03,96,Site,50,3,concluído
2237,2025-08-16,83,App,42,2,concluído
2238,2025-11-14,178,Marketplace,9,1,concluído
2239,2026-02-05,368,App,50,3,concluído
2240,2026-05-15,255,App,55,3,concluído
2241,2025-05-15,140,Marketplace,13,3,concluído
2242,2025-07-01,174,App,22,4,concluído
2243,2026-07-18,212,App,24,3,concluído
2244,2025-09-21,98,App,26,3,concluído
2245,2025-05-25,209,Site,28,1,concluído
2246,2026-08-15,279,Marketplace,54,2,concluído
2247,2025-09-27,98,Marketplace,40,2,concluído
2248,2026-08-15,234,Site,54,4,concluído
2249,2026-07-06,284,Marketplace,22,2,concluído
2250,2026-06-28,208,Site,32,3,concluído
2251,2025-12-16,117,Marketplace,7,3,concluído
2252,2026-04-25,222,App,17,1,concluído
2253,2026-07-31,318,Site,36,4,concluído
2254,2025-06-11,89,App,11,3,concluído
2255,2025-01-23,230,App,58,1,concluído
2256,2025-07-12,273,Site,17,1,concluído
2257,2026-01-18,129,App,10,4,concluído
2258,2025-11-25,156,Site,47,2,cancelado
2259,2025-02-18,356,Site,6,1,concluído
2260,2025-12-03,146,App,20,3,concluído
2261,2025-04-15,240,Site,12,1,concluído
2262,2025-10-31,60,Site,42,1,concluído
2263,2025-12-12,371,Marketplace,51,4,concluído
2264,2026-01-18,239,App,12,1,concluído
2265,2025-09-05,305,Marketplace,25,4,concluído
2266,2025-09-02,242,Marketplace,29,3,concluído
2267,2026-02-12,143,Site,42,2,concluído
2268,2026-03-26,137,App,22,2,concluído
2269,2026-04-30,281,Site,32,2,concluído
2270,2025-07-20,344,Marketplace,31,3,concluído
2271,2025-09-12,52,App,1,4,concluído
2272,2025-07-18,339,Marketplace,35,2,cancelado
2273,2025-11-13,333,Marketplace,35,3,concluído
2274,2025-03-18,44,Site,60,3,concluído
2275,2025-09-16,44,Site,31,1,concluído
2276,2025-04-24,279,Site,54,4,concluído
2277,2025-11-16,338,Marketplace,21,4,concluído
2278,2026-05-26,158,Marketplace,42,1,concluído
2279,2026-08-15,257,App,55,2,concluído
2280,2025-09-25,400,App,10,4,concluído
2281,2025-02-03,130,App,35,4,cancelado
2282,2025-05-17,91,Marketplace,56,1,concluído
2283,2025-03-04,397,App,34,4,concluído
2284,2026-04-01,113,Marketplace,54,2,concluído
2285,2026-08-14,190,Site,26,2,concluído
2286,2025-11-29,177,App,54,2,concluído
2287,2025-04-17,210,Marketplace,38,3,concluído
2288,2025-01-13,108,Site,29,1,concluído
2289,2026-08-09,272,App,13,3,concluído
2290,2025-07-09,277,App,11,1,concluído
2291,2025-03-09,81,App,18,1,concluído
2292,2025-04-17,193,App,46,4,concluído
2293,2025-06-03,23,App,29,2,concluído
2294,2026-01-29,89,Site,24,4,concluído
2295,2026-06-20,395,App,29,3,concluído
2296,2025-06-15,203,App,21,4,concluído
2297,2026-02-17,250,App,49,1,concluído
2298,2025-02-08,356,Site,24,4,concluído
2299,2025-01-07,286,Marketplace,29,4,concluído
2300,2025-02-02,317,App,34,2,concluído
2301,2026-07-08,285,App,39,1,concluído
2302,2025-12-16,200,Site,21,1,concluído
2303,2026-04-29,254,Marketplace,5,3,concluído
2304,2025-01-14,116,Marketplace,42,1,concluído
2305,2025-01-14,357,Marketplace,34,1,concluído
2306,2026-05-25,72,Marketplace,39,3,concluído
2307,2025-03-03,354,Site,33,3,concluído
2308,2025-04-04,352,Marketplace,31,4,concluído
2309,2025-11-08,57,App,57,4,concluído
2310,2025-12-30,285,Marketplace,4,2,concluído
2311,2025-05-18,396,Marketplace,6,2,cancelado
2312,2025-09-24,229,Marketplace,57,1,concluído
2313,2026-02-09,137,Site,54,1,concluído
2314,2025-09-23,352,Marketplace,25,2,concluído
2315,2025-08-18,206,App,33,4,concluído
2316,2025-02-13,49,Site,27,4,concluído
2317,2025-09-29,100,App,60,4,concluído
2318,2026-04-27,273,Site,28,2,concluído
2319,2026-01-12,183,Site,46,3,concluído
2320,2026-06-20,87,App,22,3,concluído
2321,2025-03-17,320,App,23,1,concluído
2322,2025-01-07,49,App,41,2,concluído
2323,2025-11-25,88,Site,24,3,concluído
2324,2025-04-18,187,Site,1,2,concluído
2325,2025-12-23,16,Site,11,2,concluído
2326,2026-06-27,155,App,53,2,concluído
2327,2025-07-22,364,Marketplace,23,1,concluído
2328,2025-11-26,377,Site,7,4,concluído
2329,2026-02-14,349,App,57,4,concluído
2330,2025-04-01,130,App,60,4,concluído
2331,2026-06-23,26,Site,30,4,concluído
2332,2025-05-02,326,App,38,2,concluído
2333,2026-04-30,150,App,46,1,concluído
2334,2026-01-31,300,App,4,2,concluído
2335,2025-03-26,48,App,18,4,concluído
2336,2026-03-11,268,App,34,1,concluído
2337,2025-04-28,235,App,33,3,concluído
2338,2025-12-26,369,Marketplace,20,1,concluído
2339,2026-07-30,41,Site,1,2,cancelado
2340,2026-07-26,164,Site,58,1,concluído
2341,2026-06-07,396,Site,37,1,concluído
2342,2025-10-24,156,Site,46,1,cancelado
2343,2025-12-02,264,App,27,3,concluído
2344,2025-06-30,65,App,31,3,concluído
2345,2026-07-07,292,App,27,2,concluído
2346,2025-10-14,111,Site,26,4,concluído
2347,2026-04-08,229,Site,41,2,cancelado
2348,2025-08-04,352,App,60,3,concluído
2349,2026-03-21,265,Site,47,3,concluído
2350,2025-05-15,190,Marketplace,41,3,concluído
2351,2026-03-17,77,App,1,4,concluído
2352,2025-01-28,137,Site,31,4,concluído
2353,2025-03-04,340,Site,58,3,concluído
2354,2025-07-31,87,Site,24,4,concluído
2355,2025-10-17,263,Site,33,3,concluído
2356,2026-03-03,194,Site,20,2,concluído
2357,2025-08-04,129,App,12,4,cancelado
2358,2025-01-12,287,Site,43,1,concluído
2359,2025-07-15,145,Marketplace,19,2,concluído
2360,2025-09-21,115,App,36,1,concluído
2361,2025-11-23,212,Marketplace,36,4,concluído
2362,2026-01-22,304,App,51,4,concluído
2363,2025-05-29,346,Site,57,4,concluído
2364,2026-01-02,252,Site,34,1,concluído
2365,2026-01-14,265,Site,4,2,concluído
2366,2026-04-11,316,Marketplace,35,2,concluído
2367,2025-11-10,108,App,54,1,concluído
2368,2026-05-02,101,Site,29,3,concluído
2369,2025-05-13,194,Site,34,1,concluído
2370,2026-03-04,253,Marketplace,46,3,concluído
2371,2025-01-28,259,Site,27,3,concluído
2372,2025-03-03,62,Marketplace,25,3,concluído
2373,2026-06-03,313,Marketplace,29,4,concluído
2374,2025-10-13,146,App,52,4,concluído
2375,2026-01-08,351,Marketplace,30,2,cancelado
2376,2025-12-29,290,Marketplace,20,3,concluído
2377,2026-02-21,394,App,36,4,concluído
2378,2025-05-28,253,Site,42,4,concluído
2379,2025-04-17,211,App,55,3,concluído
2380,2025-01-26,76,Site,54,1,concluído
2381,2026-06-03,160,App,47,2,concluído
2382,2025-05-15,344,Site,47,4,concluído
2383,2025-12-12,153,Site,27,1,concluído
2384,2025-09-30,22,Site,21,3,concluído
2385,2025-04-08,99,App,34,3,concluído
2386,2025-09-06,239,Site,43,1,concluído
2387,2025-02-19,252,Site,32,2,concluído
2388,2025-04-17,394,Site,13,4,concluído
2389,2025-03-25,374,App,1,3,concluído
2390,2026-05-10,213,App,4,4,cancelado
2391,2025-12-07,222,Site,26,2,concluído
2392,2026-07-10,321,Marketplace,48,4,cancelado
2393,2025-09-19,20,App,48,3,concluído
2394,2025-05-01,239,Site,49,4,concluído
2395,2026-01-01,190,App,43,2,concluído
2396,2026-07-12,314,Site,2,2,concluído
2397,2025-11-16,321,App,54,1,concluído
2398,2025-01-11,263,Site,57,1,concluído
2399,2025-07-02,263,App,51,1,concluído
2400,2026-07-09,277,App,27,1,concluído
2401,2025-11-08,233,App,13,2,concluído
2402,2026-07-26,92,App,55,4,cancelado
2403,2025-11-02,114,Site,12,2,concluído
2404,2025-01-08,297,Marketplace,48,4,concluído
2405,2026-06-08,248,Site,58,4,concluído
2406,2026-04-03,96,Marketplace,55,4,concluído
2407,2026-03-06,352,Site,32,3,concluído
2408,2026-08-06,393,App,51,4,concluído
2409,2025-04-28,251,App,50,2,cancelado
2410,2026-06-28,92,Site,59,3,concluído
2411,2025-05-20,376,App,22,4,concluído
2412,2026-08-06,95,Marketplace,38,1,concluído
2413,2025-04-25,173,Site,50,1,concluído
2414,2025-11-27,344,Site,14,1,concluído
2415,2026-04-19,209,Site,14,3,concluído
2416,2025-02-16,98,App,24,2,concluído
2417,2025-02-10,33,Site,22,2,concluído
2418,2026-05-25,145,App,46,4,concluído
2419,2025-02-06,269,App,57,1,concluído
2420,2026-01-04,286,App,10,1,concluído
2421,2026-07-17,90,App,20,2,concluído
2422,2026-01-04,64,Site,56,4,concluído
2423,2025-10-16,281,App,36,3,concluído
2424,2025-09-08,64,App,13,3,concluído
2425,2026-01-18,26,Marketplace,37,3,concluído
2426,2025-12-10,195,Marketplace,53,2,concluído
2427,2025-10-29,229,Site,23,2,concluído
2428,2025-04-03,98,Site,30,4,concluído
2429,2026-02-02,85,Marketplace,37,3,concluído
2430,2026-03-20,95,App,51,3,concluído
2431,2026-03-02,138,Site,34,1,concluído
2432,2025-02-15,4,App,58,3,concluído
2433,2026-02-26,5,Site,46,2,concluído
2434,2026-03-14,149,Marketplace,26,2,concluído
2435,2025-04-21,8,Marketplace,30,3,concluído
2436,2026-05-25,128,Marketplace,42,2,concluído
2437,2025-11-11,233,Site,5,3,concluído
2438,2025-10-11,13,Site,14,1,concluído
2439,2026-03-10,248,Marketplace,15,1,concluído
2440,2025-11-02,249,Site,49,3,concluído
2441,2025-11-23,230,Site,50,4,concluído
2442,2025-07-07,251,App,50,4,concluído
2443,2026-07-11,324,Site,7,2,concluído
2444,2026-08-05,29,App,18,4,concluído
2445,2025-03-20,68,Site,19,2,concluído
2446,2026-03-16,127,App,2,4,concluído
2447,2025-01-15,276,Site,16,2,concluído
2448,2025-08-10,350,App,26,1,concluído
2449,2026-08-05,368,App,54,1,concluído
2450,2025-04-15,233,Site,11,4,concluído
2451,2025-08-15,165,App,52,3,concluído
2452,2025-05-12,165,Marketplace,50,1,concluído
2453,2026-03-13,24,Site,10,4,concluído
2454,2025-10-06,187,App,16,1,concluído
2455,2025-12-22,206,App,28,2,cancelado
2456,2026-07-20,84,Marketplace,57,3,concluído
2457,2025-11-09,308,Site,48,1,concluído
2458,2026-03-17,325,Site,59,4,concluído
2459,2025-02-28,121,App,19,3,concluído
2460,2025-05-10,366,Site,55,4,concluído
2461,2026-07-23,43,Marketplace,58,4,concluído
2462,2026-05-31,365,App,36,4,concluído
2463,2026-01-30,308,App,10,1,concluído
2464,2025-08-15,90,App,17,1,concluído
2465,2025-04-30,261,App,8,1,concluído
2466,2026-05-27,125,Site,49,1,concluído
2467,2026-04-17,320,Marketplace,19,3,concluído
2468,2025-05-26,65,Marketplace,43,1,concluído
2469,2025-12-20,98,Marketplace,17,2,concluído
2470,2026-01-07,123,App,59,3,concluído
2471,2025-10-14,80,Marketplace,47,3,concluído
2472,2026-07-11,134,App,23,2,concluído
2473,2025-03-16,242,App,29,1,concluído
2474,2025-06-04,254,Site,4,1,cancelado
2475,2025-02-27,222,App,9,4,concluído
2476,2026-02-20,76,Marketplace,60,2,concluído
2477,2026-01-22,81,Marketplace,49,3,concluído
2478,2026-08-16,368,Marketplace,51,3,concluído
2479,2025-11-22,101,Marketplace,39,2,concluído
2480,2025-04-01,42,App,14,3,concluído
2481,2025-09-28,182,App,7,2,concluído
2482,2025-02-23,3,Marketplace,44,2,concluído
2483,2026-02-07,138,Site,20,4,concluído
2484,2026-02-09,342,Marketplace,1,2,concluído
2485,2026-05-30,107,App,2,3,concluído
2486,2025-07-23,282,App,34,3,concluído
2487,2025-07-06,196,App,51,1,concluído
2488,2025-02-12,143,Site,22,3,concluído
2489,2025-09-07,265,Marketplace,60,4,concluído
2490,2025-10-13,239,Marketplace,23,2,cancelado
2491,2026-03-29,128,App,44,4,concluído
2492,2026-03-29,90,Site,15,1,concluído
2493,2025-03-26,367,App,37,1,concluído
2494,2025-06-21,68,App,17,4,concluído
2495,2025-11-03,384,App,47,4,concluído
2496,2025-07-21,189,Site,28,4,concluído
2497,2025-01-16,399,Site,3,3,cancelado
2498,2026-05-23,142,App,15,1,concluído
2499,2026-03-15,227,Site,22,2,concluído
2500,2025-11-09,247,Marketplace,28,3,concluído
2501,2025-07-10,136,App,17,1,concluído
2502,2026-05-21,88,App,35,3,concluído
2503,2025-01-22,209,Site,58,1,concluído
2504,2025-09-25,266,Marketplace,43,1,concluído
2505,2026-04-26,105,Marketplace,19,1,concluído
2506,2026-07-26,307,App,41,1,concluído
2507,2025-05-31,256,Site,59,1,concluído
2508,2026-01-26,67,Marketplace,15,4,cancelado
2509,2025-04-24,376,App,14,4,concluído
2510,2025-03-11,18,Site,3,3,concluído
2511,2025-07-31,262,Marketplace,51,2,concluído
2512,2026-06-16,176,App,50,1,concluído
2513,2026-02-18,262,Site,25,4,concluído
2514,2025-10-21,310,Marketplace,53,4,concluído
2515,2025-06-19,275,App,40,4,concluído
2516,2025-03-26,261,Site,59,2,concluído
2517,2025-06-12,337,Site,56,1,concluído
2518,2025-04-02,281,Marketplace,58,3,concluído
2519,2025-04-23,326,Marketplace,24,2,cancelado
2520,2026-02-17,162,Marketplace,39,2,concluído
2521,2025-03-21,82,App,11,2,concluído
2522,2025-01-29,94,Marketplace,54,1,cancelado
2523,2025-11-22,245,Marketplace,20,4,concluído
2524,2025-06-21,213,Site,27,1,concluído
2525,2025-09-30,31,Site,36,4,concluído
2526,2025-03-25,82,App,48,4,concluído
2527,2025-05-06,388,Marketplace,44,1,concluído
2528,2025-09-22,291,App,58,3,concluído
2529,2026-02-19,302,App,43,1,concluído
2530,2025-09-06,79,Marketplace,48,4,concluído
2531,2025-11-22,26,Marketplace,35,3,concluído
2532,2025-11-10,117,Marketplace,25,1,concluído
2533,2025-06-11,343,Site,55,4,cancelado
2534,2025-06-17,203,App,23,4,concluído
2535,2025-09-13,314,Site,38,4,concluído
2536,2025-01-20,195,App,18,2,concluído
2537,2026-02-16,197,Marketplace,29,4,concluído
2538,2026-01-04,241,Site,23,3,concluído
2539,2025-07-03,384,Site,16,3,concluído
2540,2025-08-13,175,App,50,2,concluído
2541,2025-07-17,239,Site,47,2,concluído
2542,2026-01-26,368,Marketplace,43,3,concluído
2543,2026-04-01,149,Site,5,3,concluído
2544,2025-03-07,336,App,15,1,concluído
2545,2025-09-05,215,App,14,2,concluído
2546,2025-01-09,352,App,43,1,concluído
2547,2025-09-29,188,App,54,2,concluído
2548,2025-05-29,252,Marketplace,23,4,concluído
2549,2025-07-21,130,Site,20,3,concluído
2550,2025-10-01,255,App,34,1,concluído
2551,2025-07-14,131,Marketplace,60,3,concluído
2552,2025-08-25,244,App,23,1,concluído
2553,2026-04-04,316,App,17,1,concluído
2554,2026-05-02,174,Site,32,4,cancelado
2555,2025-01-04,172,App,55,1,concluído
2556,2025-08-15,129,Site,44,2,concluído
2557,2026-05-24,293,Marketplace,32,1,concluído
2558,2025-11-15,237,Marketplace,44,3,concluído
2559,2025-05-04,207,App,1,3,cancelado
2560,2025-12-23,11,Site,46,4,concluído
2561,2025-03-28,45,App,6,4,concluído
2562,2025-01-14,3,Site,24,3,concluído
2563,2026-01-15,341,App,21,2,concluído
2564,2025-11-06,341,Site,42,1,concluído
2565,2026-03-30,28,App,15,4,concluído
2566,2025-07-26,19,Marketplace,15,3,concluído
2567,2026-05-28,313,Marketplace,54,1,concluído
2568,2025-09-10,210,App,29,3,concluído
2569,2026-03-19,124,Marketplace,45,2,concluído
2570,2025-03-02,246,App,35,2,cancelado
2571,2025-02-28,95,Site,38,2,concluído
2572,2026-04-15,80,App,42,4,concluído
2573,2026-05-16,147,App,41,1,concluído
2574,2026-07-20,359,Site,55,4,concluído
2575,2025-07-14,307,Site,48,1,concluído
2576,2025-01-14,77,Site,19,1,concluído
2577,2026-08-11,225,Site,11,3,concluído
2578,2025-12-27,354,App,51,1,concluído
2579,2025-05-29,381,App,23,4,concluído
2580,2026-04-04,306,Site,19,3,concluído
2581,2026-06-27,52,Site,7,2,concluído
2582,2025-06-20,97,App,34,2,concluído
2583,2026-04-07,88,App,31,4,cancelado
2584,2026-04-18,61,Site,50,4,cancelado
2585,2025-10-29,71,Site,45,3,concluído
2586,2026-01-15,127,Marketplace,44,1,concluído
2587,2025-06-11,223,Site,33,3,concluído
2588,2026-07-12,160,Site,52,1,concluído
2589,2026-08-13,169,Site,59,2,concluído
2590,2026-08-12,99,App,49,3,concluído
2591,2026-03-19,61,App,21,2,concluído
2592,2025-01-26,400,App,17,4,concluído
2593,2025-08-08,240,Marketplace,1,4,concluído
2594,2025-09-24,92,App,60,1,concluído
2595,2026-07-30,324,Site,44,4,concluído
2596,2025-11-25,333,Site,57,4,concluído
2597,2025-11-18,387,App,48,1,concluído
2598,2025-03-30,64,Marketplace,26,2,concluído
2599,2026-04-22,256,Site,9,4,concluído
2600,2025-07-21,393,App,3,1,concluído
2601,2025-02-25,323,Marketplace,48,1,concluído
2602,2026-08-16,91,Site,19,3,concluído
2603,2025-04-25,358,App,23,4,concluído
2604,2025-01-10,169,Site,51,2,concluído
2605,2025-02-16,196,Site,29,4,concluído
2606,2025-09-29,224,App,58,3,concluído
2607,2025-03-03,309,Marketplace,33,1,concluído
2608,2026-05-21,49,Site,50,2,concluído
2609,2025-11-04,216,Site,8,3,concluído
2610,2025-07-14,327,App,24,2,concluído
2611,2025-01-02,220,App,11,1,concluído
2612,2025-10-15,110,Site,4,1,concluído
2613,2025-04-01,23,Site,60,3,concluído
2614,2026-08-10,220,Site,32,4,concluído
2615,2025-06-24,282,Marketplace,22,2,concluído
2616,2025-10-12,220,App,23,4,concluído
2617,2025-01-12,392,Site,15,3,concluído
2618,2025-03-20,242,Marketplace,8,2,concluído
2619,2025-05-05,204,Marketplace,55,3,concluído
2620,2025-02-01,23,Marketplace,7,2,cancelado
2621,2026-03-12,224,Marketplace,24,4,concluído
2622,2026-07-22,68,App,10,4,concluído
2623,2026-08-15,290,Site,56,4,concluído
2624,2025-06-09,65,Marketplace,13,1,concluído
2625,2026-04-19,363,Site,24,1,concluído
2626,2025-10-30,121,App,46,4,concluído
2627,2025-01-28,174,Marketplace,35,4,cancelado
2628,2025-02-24,58,App,23,3,concluído
2629,2025-11-25,85,App,34,1,concluído
2630,2025-09-12,369,App,27,4,concluído
2631,2025-01-06,114,Site,18,2,concluído
2632,2026-07-13,206,Site,36,2,concluído
2633,2026-03-15,393,Site,22,2,concluído
2634,2025-10-29,250,Marketplace,58,2,concluído
2635,2026-08-16,17,Site,28,2,concluído
2636,2026-08-06,143,Site,46,2,concluído
2637,2026-08-08,155,Marketplace,15,3,concluído
2638,2025-06-05,111,Marketplace,39,1,concluído
2639,2026-06-13,97,App,34,2,concluído
2640,2025-10-30,202,App,45,1,concluído
2641,2026-03-12,151,Site,28,3,concluído
2642,2026-05-31,118,Marketplace,44,4,concluído
2643,2025-04-08,166,Site,4,4,concluído
2644,2025-09-26,138,App,42,1,concluído
2645,2025-03-19,92,Site,46,3,concluído
2646,2025-06-17,182,Site,30,1,concluído
2647,2025-09-06,377,Site,3,2,concluído
2648,2026-05-29,203,Marketplace,35,2,concluído
2649,2026-06-02,240,Marketplace,47,3,concluído
2650,2025-08-22,394,Site,28,2,concluído
2651,2025-07-17,246,Site,6,3,concluído
2652,2025-11-15,90,Site,24,3,concluído
2653,2026-07-02,160,Site,60,4,concluído
2654,2026-08-09,196,Site,17,1,concluído
2655,2025-05-17,190,Site,32,4,concluído
2656,2025-04-22,60,Site,22,4,concluído
2657,2026-03-01,43,Site,43,3,concluído
2658,2025-06-30,140,App,26,4,cancelado
2659,2025-04-30,366,Site,24,1,concluído
2660,2025-01-19,287,Site,35,1,concluído
2661,2025-08-30,337,App,35,1,cancelado
2662,2025-08-24,70,App,30,4,concluído
2663,2025-12-04,166,App,16,2,concluído
2664,2025-05-01,233,Marketplace,7,2,concluído
2665,2026-03-05,174,Marketplace,42,3,concluído
2666,2026-02-13,167,Site,21,2,concluído
2667,2025-10-05,144,Site,37,3,concluído
2668,2025-04-19,21,Site,23,4,concluído
2669,2025-11-01,343,Site,52,2,concluído
2670,2026-02-09,374,Marketplace,43,4,cancelado
2671,2025-08-12,33,App,25,3,cancelado
2672,2025-06-08,166,App,20,2,concluído
2673,2025-10-31,208,Site,45,4,concluído
2674,2025-08-02,314,App,1,2,concluído
2675,2025-08-29,395,Site,4,1,concluído
2676,2025-07-29,167,Marketplace,6,2,concluído
2677,2025-07-02,300,App,21,4,concluído
2678,2026-03-07,375,Site,30,3,concluído
2679,2025-10-04,333,Site,18,3,cancelado
2680,2025-10-07,117,Marketplace,12,3,concluído
2681,2026-01-27,327,Site,19,1,concluído
2682,2025-08-05,165,App,30,1,concluído
2683,2025-03-02,8,Site,18,2,concluído
2684,2026-05-27,304,Site,35,4,concluído
2685,2025-02-03,335,Marketplace,23,1,concluído
2686,2025-12-10,138,Site,57,3,concluído
2687,2025-06-09,181,App,60,4,concluído
2688,2025-05-09,146,Marketplace,40,1,concluído
2689,2025-01-26,47,Site,34,1,concluído
2690,2026-06-25,398,App,2,4,concluído
2691,2025-09-15,10,Site,38,1,concluído
2692,2025-07-25,223,Marketplace,23,3,concluído
2693,2026-03-21,6,Site,18,4,concluído
2694,2025-01-24,276,App,48,2,concluído
2695,2025-12-05,361,Site,3,2,concluído
2696,2025-10-24,258,App,16,3,concluído
2697,2025-11-29,243,Site,47,3,concluído
2698,2025-03-16,332,Site,56,4,concluído
2699,2026-07-26,390,App,31,3,concluído
2700,2025-05-24,345,App,32,4,concluído
2701,2026-02-12,93,Marketplace,59,1,concluído
2702,2026-03-25,226,App,6,2,concluído
2703,2025-07-26,328,Marketplace,29,1,concluído
2704,2025-03-20,118,Site,15,3,concluído
2705,2025-06-28,271,Site,29,1,concluído
2706,2026-04-30,10,App,55,4,concluído
2707,2026-06-28,351,App,36,4,concluído
2708,2026-07-17,246,App,60,4,cancelado
2709,2025-05-16,298,Site,31,4,concluído
2710,2025-12-30,331,Marketplace,52,1,concluído
2711,2025-04-01,88,Marketplace,11,3,concluído
2712,2026-03-03,181,App,20,3,concluído
2713,2025-09-07,344,App,17,3,concluído
2714,2026-03-05,66,App,47,4,concluído
2715,2026-02-16,329,Marketplace,31,3,concluído
2716,2026-08-19,116,App,14,1,concluído
2717,2025-10-21,231,App,11,4,concluído
2718,2025-07-24,204,Site,24,2,concluído
2719,2025-11-13,275,Site,10,2,concluído
2720,2025-04-08,335,App,42,3,concluído
2721,2025-03-09,140,Site,51,4,concluído
2722,2025-11-08,69,App,59,3,concluído
2723,2026-05-11,170,App,15,1,concluído
2724,2025-11-16,245,App,27,3,concluído
2725,2026-04-15,301,App,31,3,concluído
2726,2025-04-17,302,Marketplace,30,1,concluído
2727,2025-09-27,136,Site,28,3,concluído
2728,2026-01-03,375,Marketplace,14,4,concluído
2729,2025-07-28,34,App,7,4,cancelado
2730,2025-01-09,47,Site,25,2,concluído
2731,2025-02-14,10,Marketplace,6,3,concluído
2732,2026-07-11,371,App,4,4,concluído
2733,2025-12-30,73,Marketplace,32,3,concluído
2734,2025-06-08,241,Site,52,2,concluído
2735,2025-06-05,326,Site,33,1,concluído
2736,2025-01-24,307,App,2,1,concluído
2737,2026-07-21,380,Site,51,3,concluído
2738,2025-03-06,22,Site,42,4,concluído
2739,2026-04-01,163,Marketplace,19,3,concluído
2740,2025-05-25,203,Marketplace,17,4,concluído
2741,2025-07-21,279,App,54,3,concluído
2742,2025-06-14,250,Marketplace,29,2,concluído
2743,2026-05-10,224,Marketplace,9,3,concluído
2744,2025-01-20,123,Site,17,2,concluído
2745,2025-07-31,43,App,16,1,concluído
2746,2025-06-17,173,App,25,3,concluído
2747,2025-06-13,104,App,21,3,concluído
2748,2025-04-26,222,App,33,4,concluído
2749,2026-07-02,319,Marketplace,20,1,concluído
2750,2025-08-16,222,App,39,2,concluído
2751,2025-09-08,234,Site,30,1,concluído
2752,2025-08-20,17,Site,57,4,concluído
2753,2026-08-12,258,Site,50,4,concluído
2754,2025-07-23,176,App,20,2,concluído
2755,2025-07-25,50,Site,3,4,concluído
2756,2025-07-16,86,Site,36,3,concluído
2757,2025-07-16,313,Site,21,2,concluído
2758,2025-02-23,367,App,55,2,concluído
2759,2025-12-29,204,Site,25,3,concluído
2760,2025-01-16,391,App,18,1,concluído
2761,2025-05-16,73,Site,21,1,cancelado
2762,2025-05-02,120,Site,52,4,concluído
2763,2025-06-24,373,App,7,1,concluído
2764,2026-03-30,71,Marketplace,58,1,concluído
2765,2025-12-26,264,App,15,4,concluído
2766,2026-08-18,88,Marketplace,51,4,concluído
2767,2025-07-30,133,Marketplace,33,4,concluído
2768,2026-07-12,192,App,35,1,concluído
2769,2025-01-27,144,App,13,4,concluído
2770,2025-10-30,350,App,44,2,concluído
2771,2026-04-25,390,Marketplace,39,1,concluído
2772,2025-11-16,201,Site,29,4,cancelado
2773,2026-07-14,211,App,28,2,concluído
2774,2025-07-08,23,Site,36,3,cancelado
2775,2025-01-20,94,App,29,1,concluído
2776,2026-04-10,16,Site,59,1,concluído
2777,2025-02-10,343,Site,3,4,concluído
2778,2026-04-04,91,App,16,3,concluído
2779,2026-03-17,137,Marketplace,52,4,concluído
2780,2026-05-22,338,App,48,1,concluído
2781,2025-10-15,286,Site,21,4,cancelado
2782,2026-06-22,249,Site,31,4,concluído
2783,2025-04-12,16,Marketplace,2,4,concluído
2784,2025-09-18,226,Site,11,1,concluído
2785,2025-03-15,225,Marketplace,57,1,concluído
2786,2026-04-06,128,App,39,3,concluído
2787,2026-03-05,298,Marketplace,3,1,concluído
2788,2026-04-29,372,App,48,1,concluído
2789,2026-04-04,104,Site,25,4,concluído
2790,2025-07-05,133,App,35,3,concluído
2791,2025-02-10,129,Marketplace,52,4,concluído
2792,2026-07-12,334,Marketplace,51,4,concluído
2793,2025-10-23,32,Site,9,1,concluído
2794,2025-02-26,359,Site,22,4,concluído
2795,2026-07-11,311,Site,17,1,concluído
2796,2026-08-20,194,App,55,2,concluído
2797,2025-09-25,234,Site,47,2,cancelado
2798,2026-04-08,358,Site,39,1,concluído
2799,2025-01-22,308,Site,4,3,concluído
2800,2025-02-25,111,App,49,1,concluído
2801,2025-06-15,21,Marketplace,34,4,concluído
2802,2026-01-29,264,App,17,4,concluído
2803,2025-03-22,59,Site,27,3,cancelado
2804,2025-01-21,36,App,27,1,concluído
2805,2026-02-06,393,App,18,3,concluído
2806,2026-04-08,190,App,55,3,concluído
2807,2026-03-20,261,App,56,2,concluído
2808,2026-04-25,87,Site,4,2,concluído
2809,2026-04-27,41,Site,57,2,concluído
2810,2025-12-28,26,Site,25,4,concluído
2811,2025-11-08,142,Site,48,1,concluído
2812,2026-05-30,2,App,47,3,concluído
2813,2025-07-28,169,App,36,2,concluído
2814,2025-02-28,130,Site,45,3,concluído
2815,2026-03-28,211,Site,41,1,concluído
2816,2025-06-15,236,Site,52,4,concluído
2817,2026-08-11,124,App,26,2,concluído
2818,2025-09-06,183,Marketplace,45,4,concluído
2819,2026-05-27,32,App,59,1,concluído
2820,2025-01-26,121,Site,57,3,concluído
2821,2026-01-31,392,App,9,3,concluído
2822,2025-09-26,397,Site,30,4,concluído
2823,2025-10-05,195,Site,31,1,concluído
2824,2025-06-09,376,Site,38,3,concluído
2825,2026-08-06,201,App,39,1,concluído
2826,2025-08-24,51,Site,51,2,concluído
2827,2026-05-26,348,App,32,1,concluído
2828,2025-09-13,167,Site,43,1,concluído
2829,2025-01-29,245,App,54,4,concluído
2830,2026-06-12,260,App,7,3,concluído
2831,2025-04-22,124,Site,39,4,concluído
2832,2025-06-12,294,App,23,3,concluído
2833,2026-06-01,201,App,55,3,cancelado
2834,2026-06-21,147,Marketplace,34,1,concluído
2835,2026-07-05,120,Marketplace,37,4,concluído
2836,2025-09-13,299,Marketplace,46,1,concluído
2837,2026-03-31,100,App,15,1,concluído
2838,2025-07-16,50,Site,33,3,concluído
2839,2026-03-21,353,Marketplace,47,3,concluído
2840,2025-10-29,133,App,47,1,concluído
2841,2025-02-01,257,Site,14,3,concluído
2842,2025-09-08,287,App,51,3,concluído
2843,2025-10-08,336,Marketplace,10,2,concluído
2844,2025-06-04,251,Site,16,3,concluído
2845,2025-08-13,284,Site,52,3,concluído
2846,2025-10-29,335,Site,37,2,concluído
2847,2025-01-30,378,App,33,1,concluído
2848,2025-04-02,19,App,34,2,concluído
2849,2026-04-06,298,Site,59,4,concluído
2850,2025-07-31,70,Site,14,2,concluído
2851,2026-01-01,357,Site,18,3,concluído
2852,2025-12-06,20,App,30,2,concluído
2853,2025-11-27,99,Site,51,3,concluído
2854,2025-09-06,77,App,33,3,concluído
2855,2025-10-17,242,App,44,2,concluído
2856,2026-05-10,2,Marketplace,50,3,concluído
2857,2026-08-03,7,Site,54,4,concluído
2858,2025-06-04,202,Site,28,4,cancelado
2859,2026-02-06,389,Marketplace,28,4,concluído
2860,2026-08-05,212,App,5,1,concluído
2861,2025-01-05,179,Marketplace,5,4,concluído
2862,2026-04-16,264,Site,30,3,concluído
2863,2025-10-26,221,Site,45,2,concluído
2864,2026-08-04,154,App,51,2,concluído
2865,2025-12-13,236,App,25,1,concluído
2866,2026-05-18,2,Site,35,4,concluído
2867,2025-04-10,98,App,49,4,concluído
2868,2025-03-27,270,App,20,1,concluído
2869,2026-07-10,137,Site,10,3,concluído
2870,2025-11-12,22,Site,56,3,concluído
2871,2025-12-02,50,App,33,1,concluído
2872,2025-04-12,347,Site,10,3,concluído
2873,2025-05-17,132,Marketplace,16,4,concluído
2874,2026-05-06,10,Site,20,2,cancelado
2875,2025-07-01,292,Marketplace,13,3,concluído
2876,2025-12-17,213,Site,27,4,concluído
2877,2025-07-09,181,App,49,2,concluído
2878,2025-06-08,358,App,45,1,concluído
2879,2025-04-10,126,Marketplace,56,2,concluído
2880,2026-07-12,229,Site,51,1,concluído
2881,2026-07-19,298,Marketplace,19,2,concluído
2882,2025-03-11,244,Marketplace,4,3,concluído
2883,2025-07-31,84,App,10,1,concluído
2884,2025-12-05,273,App,48,3,concluído
2885,2025-08-18,298,Site,21,4,concluído
2886,2026-03-09,49,App,44,2,concluído
2887,2025-06-06,67,Site,28,4,concluído
2888,2025-02-05,270,Marketplace,54,2,concluído
2889,2025-07-22,48,Site,31,3,concluído
2890,2025-12-25,353,App,55,1,concluído
2891,2025-04-19,44,Site,16,2,concluído
2892,2026-05-05,390,App,47,4,concluído
2893,2025-01-08,269,Marketplace,32,3,concluído
2894,2025-02-10,178,App,12,3,concluído
2895,2025-11-02,108,Marketplace,15,3,concluído
2896,2025-11-04,138,Site,19,1,concluído
2897,2025-06-26,300,Site,10,4,concluído
2898,2025-06-05,302,Site,57,2,concluído
2899,2025-02-11,84,App,13,1,concluído
2900,2026-02-02,218,Site,36,4,concluído
2901,2025-08-16,398,Marketplace,35,1,concluído
2902,2025-03-13,103,Marketplace,33,4,concluído
2903,2025-08-28,278,App,38,2,concluído
2904,2026-07-17,69,Site,55,1,concluído
2905,2025-06-06,334,Marketplace,59,1,concluído
2906,2026-06-21,69,Marketplace,53,3,concluído
2907,2025-06-05,120,Site,28,3,concluído
2908,2025-04-22,184,App,44,1,concluído
2909,2025-06-06,149,Marketplace,12,2,concluído
2910,2025-07-13,69,App,53,1,concluído
2911,2025-03-14,257,App,12,3,concluído
2912,2025-12-19,8,Marketplace,7,4,cancelado
2913,2025-07-20,394,App,50,2,concluído
2914,2026-03-07,21,Marketplace,46,4,concluído
2915,2025-10-22,134,App,9,2,concluído
2916,2025-09-23,372,Site,58,1,concluído
2917,2025-10-10,63,Marketplace,7,2,concluído
2918,2025-04-04,30,Marketplace,3,4,concluído
2919,2026-03-04,298,Marketplace,58,4,concluído
2920,2025-03-04,30,Marketplace,14,3,concluído
2921,2026-03-09,360,App,15,2,concluído
2922,2026-08-23,181,Marketplace,48,4,concluído
2923,2026-04-04,348,Marketplace,37,3,concluído
2924,2025-10-01,99,Site,32,4,concluído
2925,2025-07-08,57,Site,60,3,concluído
2926,2026-06-08,386,App,6,3,concluído
2927,2025-06-04,305,Site,56,4,concluído
2928,2025-10-17,365,Site,17,4,concluído
2929,2026-04-08,128,Site,38,3,concluído
2930,2026-07-08,162,Site,20,1,concluído
2931,2026-07-07,231,Site,18,2,concluído
2932,2025-02-22,180,App,20,3,concluído
2933,2026-06-23,98,Marketplace,34,3,concluído
2934,2025-03-10,151,App,53,2,concluído
2935,2025-12-17,244,App,7,1,concluído
2936,2026-07-12,16,App,40,4,cancelado
2937,2026-01-28,135,Marketplace,52,4,concluído
2938,2026-07-23,118,Marketplace,45,1,concluído
2939,2025-07-26,29,App,59,2,cancelado
2940,2025-07-08,50,App,1,2,concluído
2941,2025-07-15,199,Site,22,4,concluído
2942,2025-08-02,41,App,26,4,concluído
2943,2026-02-14,138,Site,33,2,concluído
2944,2025-09-29,225,App,20,2,concluído
2945,2026-03-19,350,Site,16,2,concluído
2946,2025-09-07,40,App,52,1,concluído
2947,2025-07-04,174,Site,14,2,concluído
2948,2025-04-25,42,Site,58,2,concluído
2949,2025-11-27,172,App,3,1,concluído
2950,2026-06-24,193,App,26,3,concluído
2951,2026-05-31,320,App,37,4,concluído
2952,2025-06-01,177,App,59,2,concluído
2953,2025-10-14,375,Marketplace,46,2,concluído
2954,2026-02-28,56,App,1,2,concluído
2955,2026-01-03,22,App,45,1,concluído
2956,2025-02-10,2,App,20,3,concluído
2957,2025-12-21,143,Marketplace,52,2,concluído
2958,2025-01-24,78,Marketplace,47,4,concluído
2959,2025-03-11,37,Marketplace,12,2,concluído
2960,2026-01-28,95,Site,22,4,concluído
2961,2025-03-03,390,Marketplace,50,2,concluído
2962,2025-07-23,321,Site,56,1,concluído
2963,2025-12-20,8,Marketplace,37,2,concluído
2964,2026-01-29,367,Marketplace,14,4,concluído
2965,2025-09-25,83,App,24,2,concluído
2966,2025-02-26,163,Site,48,4,concluído
2967,2026-04-25,132,App,36,3,concluído
2968,2026-07-24,163,App,13,3,concluído
2969,2026-06-18,305,Marketplace,18,4,concluído
2970,2026-03-26,285,App,12,3,concluído
2971,2025-08-30,238,Site,29,3,concluído
2972,2026-06-10,251,Marketplace,27,1,concluído
2973,2025-10-20,292,Site,33,3,concluído
2974,2025-03-23,74,App,57,3,cancelado
2975,2026-05-26,159,Site,40,1,concluído
2976,2025-07-12,44,Marketplace,36,3,concluído
2977,2026-07-18,282,App,22,3,concluído
2978,2025-08-10,176,App,39,2,cancelado
2979,2026-06-06,255,Site,58,1,concluído
2980,2025-11-19,226,Marketplace,1,1,concluído
2981,2025-10-08,110,App,21,1,concluído
2982,2025-06-28,56,App,4,1,concluído
2983,2026-05-17,390,Marketplace,13,1,concluído
2984,2025-02-06,118,App,5,3,concluído
2985,2025-10-09,44,App,36,2,concluído
2986,2025-08-10,123,Site,50,1,concluído
2987,2025-11-23,361,App,57,1,concluído
2988,2025-06-02,105,App,15,3,concluído
2989,2026-02-03,395,Site,42,4,concluído
2990,2025-08-20,185,Site,20,4,cancelado
2991,2025-04-23,345,Site,19,4,concluído
2992,2025-04-29,262,App,37,2,concluído
2993,2026-02-22,18,Site,41,3,concluído
2994,2025-06-07,204,Site,36,1,concluído
2995,2025-07-04,167,Marketplace,6,1,concluído
2996,2026-01-12,81,Marketplace,25,1,concluído
2997,2025-07-17,220,Site,18,1,concluído
2998,2025-08-21,42,Marketplace,1,2,concluído
2999,2025-05-27,280,Marketplace,3,1,concluído
3000,2025-07-27,329,App,27,4,concluído
3001,2026-02-20,38,Marketplace,7,3,cancelado
3002,2025-11-17,192,Marketplace,45,3,concluído
3003,2026-08-22,263,App,4,1,concluído
3004,2026-04-09,25,App,15,4,concluído
3005,2025-01-11,156,Site,60,1,concluído
3006,2025-08-16,104,Site,43,4,concluído
3007,2025-06-23,16,Site,34,3,concluído
3008,2025-12-19,322,Site,1,1,concluído
3009,2025-06-09,178,App,3,1,concluído
3010,2026-08-03,301,App,55,3,concluído
3011,2025-06-29,235,Marketplace,48,4,concluído
3012,2025-11-10,351,App,58,2,cancelado
3013,2025-03-15,399,Site,49,1,concluído
3014,2026-06-30,241,App,1,2,concluído
3015,2026-07-02,141,Site,49,2,concluído
3016,2026-04-22,170,Site,28,2,concluído
3017,2025-07-30,331,App,42,4,concluído
3018,2025-02-05,171,Site,25,2,concluído
3019,2026-03-03,208,Site,44,1,cancelado
3020,2025-09-15,78,App,51,3,concluído
3021,2026-08-18,397,App,59,3,cancelado
3022,2026-02-23,261,Site,33,3,concluído
3023,2025-11-20,133,Site,17,3,concluído
3024,2026-08-16,235,Site,37,2,concluído
3025,2026-04-26,161,Marketplace,30,2,concluído
3026,2025-10-03,62,App,13,1,concluído
3027,2025-01-12,350,App,44,1,concluído
3028,2025-02-25,355,Site,5,3,concluído
3029,2025-09-24,334,Site,25,2,concluído
3030,2025-12-04,148,Marketplace,42,3,concluído
3031,2025-01-19,103,App,56,4,concluído
3032,2025-03-17,20,Site,38,3,concluído
3033,2026-02-27,293,Site,59,1,concluído
3034,2026-03-27,132,App,50,1,concluído
3035,2025-01-18,357,Site,15,1,concluído
3036,2025-11-01,348,Site,51,2,concluído
3037,2025-02-18,52,App,21,1,concluído
3038,2026-03-11,367,App,38,4,concluído
3039,2026-05-16,57,App,13,2,concluído
3040,2026-06-06,197,Marketplace,33,3,cancelado
3041,2025-12-25,190,App,41,1,concluído
3042,2026-01-13,383,App,55,1,concluído
3043,2026-07-10,263,App,57,1,concluído
3044,2026-01-03,351,App,49,2,cancelado
3045,2025-09-25,239,App,34,2,concluído
3046,2026-03-29,331,Site,53,2,concluído
3047,2025-12-21,341,App,7,4,concluído
3048,2026-05-21,344,App,60,3,concluído
3049,2025-11-11,165,App,13,3,concluído
3050,2026-06-06,153,Site,25,1,concluído
3051,2025-01-27,394,App,55,2,concluído
3052,2025-01-22,303,Site,44,3,concluído
3053,2025-03-01,367,Site,51,3,concluído
3054,2025-11-30,231,Site,42,4,concluído
3055,2026-03-02,372,App,37,2,concluído
3056,2025-05-10,288,Marketplace,11,2,concluído
3057,2025-04-04,298,Site,60,4,concluído
3058,2026-06-01,72,App,39,2,concluído
3059,2026-03-27,227,Site,41,3,concluído
3060,2026-01-25,293,Marketplace,26,1,concluído
3061,2025-10-21,305,App,58,1,concluído
3062,2025-09-10,384,App,28,1,concluído
3063,2025-01-13,131,Site,12,2,concluído
3064,2025-04-23,122,App,11,4,concluído
3065,2026-06-23,388,Marketplace,42,1,concluído
3066,2025-07-23,395,App,45,4,concluído
3067,2026-02-27,72,App,13,4,concluído
3068,2026-02-27,152,App,42,1,concluído
3069,2025-07-05,380,App,60,1,concluído
3070,2025-05-03,80,Marketplace,32,4,cancelado
3071,2026-02-20,314,Marketplace,59,3,concluído
3072,2025-02-26,45,Marketplace,10,1,concluído
3073,2025-10-24,72,Site,25,4,concluído
3074,2026-06-17,314,Site,34,3,concluído
3075,2026-03-03,243,App,22,3,concluído
3076,2026-04-04,222,App,7,3,concluído
3077,2025-02-19,343,Marketplace,28,1,concluído
3078,2025-04-30,123,Site,21,2,concluído
3079,2025-06-15,202,Site,13,1,concluído
3080,2025-06-25,244,Site,23,3,concluído
3081,2025-04-27,296,Marketplace,26,4,concluído
3082,2026-08-07,133,App,54,3,cancelado
3083,2025-04-09,254,Site,30,3,concluído
3084,2026-03-01,180,Site,25,1,concluído
3085,2025-12-19,217,Marketplace,24,3,concluído
3086,2026-01-02,346,App,36,4,concluído
3087,2025-05-09,158,App,17,1,concluído
3088,2025-07-04,268,Site,53,1,concluído
3089,2025-12-30,377,Marketplace,26,3,concluído
3090,2025-06-29,305,Marketplace,26,1,cancelado
3091,2026-02-21,396,Site,4,1,concluído
3092,2025-01-24,234,App,54,4,cancelado
3093,2025-02-13,113,App,29,1,concluído
3094,2026-03-14,397,Site,9,2,concluído
3095,2026-01-06,258,App,11,2,concluído
3096,2025-01-26,97,Site,22,2,concluído
3097,2026-06-24,127,Marketplace,47,2,concluído
3098,2025-01-03,105,App,6,2,concluído
3099,2026-07-28,334,App,8,4,concluído
3100,2026-03-14,38,App,34,1,concluído
3101,2026-08-16,296,App,30,1,concluído
3102,2026-07-24,222,Site,58,2,concluído
3103,2025-07-07,30,App,46,4,concluído
3104,2026-03-30,246,App,40,2,concluído
3105,2025-05-07,302,App,21,1,concluído
3106,2025-10-10,291,App,38,3,concluído
3107,2025-05-25,212,Site,36,3,concluído
3108,2025-10-19,135,Site,17,2,concluído
3109,2026-06-08,66,Site,23,1,concluído
3110,2025-09-19,5,Site,56,4,cancelado
3111,2025-02-25,144,App,33,4,concluído
3112,2025-07-14,253,Site,29,4,concluído
3113,2026-04-17,16,App,48,4,concluído
3114,2025-11-10,400,Marketplace,17,2,concluído
3115,2025-12-03,235,App,14,2,concluído
3116,2025-09-16,118,Site,60,4,concluído
3117,2025-06-25,385,App,49,2,concluído
3118,2025-12-25,74,Marketplace,26,4,concluído
3119,2026-01-15,384,App,57,3,concluído
3120,2026-06-23,113,Marketplace,23,4,concluído
3121,2026-01-06,152,App,41,1,concluído
3122,2026-08-21,171,Marketplace,3,3,cancelado
3123,2026-05-11,398,Site,42,4,concluído
3124,2025-02-17,101,App,11,1,concluído
3125,2025-08-24,390,App,15,3,concluído
3126,2025-08-19,139,App,49,1,concluído
3127,2025-01-02,115,Marketplace,13,4,concluído
3128,2025-04-19,256,Marketplace,29,4,concluído
3129,2026-04-03,278,App,56,1,concluído
3130,2025-07-31,139,App,58,3,concluído
3131,2025-03-30,54,App,27,2,concluído
3132,2025-06-22,159,App,6,4,concluído
3133,2025-06-14,217,Site,18,2,concluído
3134,2025-04-15,17,App,37,3,concluído
3135,2025-03-02,32,App,21,1,concluído
3136,2026-04-04,368,Marketplace,44,1,concluído
3137,2026-05-10,15,Site,60,4,concluído
3138,2025-10-25,163,Marketplace,38,2,concluído
3139,2026-01-05,306,App,38,4,concluído
3140,2026-07-06,132,Marketplace,32,4,concluído
3141,2026-05-21,198,Site,12,4,concluído
3142,2025-01-20,35,Site,35,1,concluído
3143,2026-07-26,318,App,56,1,concluído
3144,2025-02-10,254,Marketplace,42,3,concluído
3145,2025-01-16,341,Site,46,4,cancelado
3146,2025-08-30,346,Marketplace,52,4,concluído
3147,2026-03-24,141,Site,24,3,concluído
3148,2025-02-18,17,Marketplace,21,1,concluído
3149,2025-06-25,139,Site,59,3,cancelado
3150,2025-06-07,59,Marketplace,28,2,concluído
3151,2025-08-27,214,App,45,4,concluído
3152,2026-08-15,59,App,39,3,concluído
3153,2025-07-18,369,Site,8,1,concluído
3154,2025-05-06,241,Site,19,4,concluído
3155,2025-03-15,102,Site,20,4,concluído
3156,2025-04-29,369,Site,11,3,concluído
3157,2025-03-21,308,Site,47,4,concluído
3158,2025-12-11,176,Marketplace,58,1,concluído
3159,2025-09-10,59,App,58,2,concluído
3160,2025-10-26,138,Marketplace,12,1,concluído
3161,2026-05-15,234,App,27,2,concluído
3162,2025-12-15,307,Site,14,2,concluído
3163,2025-04-04,105,Marketplace,4,2,concluído
3164,2025-08-15,298,App,38,2,concluído
3165,2025-07-07,114,App,52,3,concluído
3166,2026-05-12,99,App,5,1,concluído
3167,2025-07-04,179,Site,39,2,concluído
3168,2025-03-25,65,Site,3,4,concluído
3169,2026-03-18,162,App,51,3,concluído
3170,2025-09-15,144,Marketplace,4,1,cancelado
3171,2025-02-27,113,App,27,2,concluído
3172,2026-02-18,311,Site,8,4,concluído
3173,2025-05-07,133,Site,25,1,concluído
3174,2026-06-05,279,App,26,4,concluído
3175,2026-05-15,289,App,33,2,concluído
3176,2025-08-10,267,Marketplace,50,3,concluído
3177,2025-11-30,108,Site,60,2,concluído
3178,2025-12-07,332,App,21,3,concluído
3179,2026-01-28,95,Marketplace,56,4,concluído
3180,2025-02-11,111,Site,26,1,concluído
3181,2025-07-14,350,App,8,2,concluído
3182,2025-04-13,136,Site,37,3,concluído
3183,2026-02-23,279,Site,44,2,concluído
3184,2025-02-11,17,App,19,2,concluído
3185,2025-11-07,246,Marketplace,36,4,concluído
3186,2026-03-13,348,App,26,1,concluído
3187,2026-07-24,284,App,9,1,concluído
3188,2025-06-22,233,App,24,3,concluído
3189,2025-01-05,340,Marketplace,26,1,concluído
3190,2026-03-11,120,Site,21,1,concluído
3191,2025-01-01,151,Marketplace,55,4,concluído
3192,2025-02-09,28,App,24,2,concluído
3193,2026-08-18,280,Marketplace,38,1,concluído
3194,2026-06-02,290,Site,1,3,concluído
3195,2026-03-01,301,App,19,2,concluído
3196,2026-05-17,300,App,54,2,concluído
3197,2025-02-15,51,Marketplace,54,2,cancelado
3198,2025-02-23,267,App,59,1,concluído
3199,2025-06-30,306,Site,4,4,concluído
3200,2025-01-15,82,Site,52,1,concluído
3201,2026-06-17,191,App,17,2,concluído
3202,2025-02-03,366,Marketplace,1,2,concluído
3203,2025-11-23,166,Marketplace,6,3,cancelado
3204,2026-05-28,302,Site,46,3,concluído
3205,2026-03-17,213,Site,36,2,concluído
3206,2025-05-21,264,Site,35,3,concluído
3207,2025-10-10,251,Site,53,1,concluído
3208,2025-11-25,261,App,6,1,concluído
3209,2026-04-06,312,Site,5,4,concluído
3210,2025-09-13,362,App,56,3,concluído
3211,2025-06-21,119,Site,37,3,concluído
3212,2026-04-23,372,Site,47,4,cancelado
3213,2026-06-16,252,App,32,4,concluído
3214,2025-10-21,239,Marketplace,9,3,concluído
3215,2025-01-17,132,App,32,4,concluído
3216,2025-10-28,167,App,58,3,concluído
3217,2026-06-18,261,App,8,1,concluído
3218,2026-08-17,146,Site,8,3,concluído
3219,2025-08-29,115,App,21,4,concluído
3220,2025-04-01,328,Site,28,4,concluído
3221,2025-12-10,167,Site,38,3,concluído
3222,2026-05-14,258,App,10,4,concluído
3223,2026-07-22,13,Marketplace,57,1,concluído
3224,2025-02-01,31,App,10,1,concluído
3225,2025-06-24,340,Site,13,2,concluído
3226,2025-10-14,57,App,59,1,concluído
3227,2025-02-28,319,Site,23,4,concluído
3228,2026-06-16,361,Marketplace,35,1,concluído
3229,2025-03-09,193,App,27,3,concluído
3230,2026-02-04,354,App,16,4,concluído
3231,2026-07-06,171,App,31,1,concluído
3232,2026-02-16,381,App,47,1,concluído
3233,2026-04-03,95,Marketplace,1,3,cancelado
3234,2025-06-07,172,Site,53,4,concluído
3235,2026-05-12,156,Site,12,1,concluído
3236,2025-09-09,314,Marketplace,56,1,concluído
3237,2025-02-06,18,Marketplace,58,4,concluído
3238,2025-08-08,332,Marketplace,56,3,concluído
3239,2025-07-29,10,App,40,3,concluído
3240,2025-11-09,127,App,55,2,concluído
3241,2025-06-08,239,App,52,2,concluído
3242,2025-10-05,59,App,39,2,concluído
3243,2025-09-14,197,App,54,1,concluído
3244,2025-07-16,399,App,21,2,concluído
3245,2026-02-22,330,App,51,4,cancelado
3246,2025-07-03,13,Site,56,3,concluído
3247,2026-04-05,237,App,39,4,concluído
3248,2025-05-31,239,App,8,2,concluído
3249,2026-06-03,28,App,13,4,concluído
3250,2025-08-08,261,Site,11,2,concluído
3251,2025-01-25,209,Site,32,3,concluído
3252,2025-03-31,273,Site,27,3,concluído
3253,2026-04-29,120,App,50,4,concluído
3254,2026-06-08,103,App,18,4,concluído
3255,2025-05-08,295,App,10,1,concluído
3256,2025-12-28,289,App,37,4,concluído
3257,2025-12-11,65,App,9,3,concluído
3258,2025-03-22,87,Marketplace,55,3,cancelado
3259,2025-09-29,235,App,5,1,concluído
3260,2026-02-21,332,App,30,2,concluído
3261,2026-08-04,81,Site,57,4,concluído
3262,2026-05-24,88,Site,34,4,concluído
3263,2025-02-28,324,App,49,1,concluído
3264,2025-05-23,279,App,26,2,concluído
3265,2025-09-20,361,Marketplace,46,4,concluído
3266,2025-04-01,314,App,43,4,concluído
3267,2025-12-09,382,Site,31,2,concluído
3268,2025-01-06,76,Marketplace,7,4,concluído
3269,2025-03-10,109,App,59,4,concluído
3270,2025-01-29,96,Site,3,1,concluído
3271,2025-06-27,23,App,22,1,concluído
3272,2026-04-03,312,App,39,1,concluído
3273,2025-04-17,265,App,47,1,concluído
3274,2026-08-16,35,Marketplace,33,3,cancelado
3275,2025-06-11,80,App,25,2,concluído
3276,2025-01-27,77,App,25,3,concluído
3277,2025-07-21,162,Marketplace,59,1,concluído
3278,2026-03-25,183,App,21,3,concluído
3279,2025-03-05,116,Marketplace,52,3,concluído
3280,2025-02-13,373,Site,4,4,concluído
3281,2026-05-25,86,Site,40,2,concluído
3282,2025-12-22,225,Marketplace,41,3,concluído
3283,2025-07-25,176,Site,41,2,concluído
3284,2026-03-30,156,App,26,2,concluído
3285,2026-05-22,331,Marketplace,42,3,concluído
3286,2025-08-04,392,Marketplace,27,3,concluído
3287,2025-12-03,3,Marketplace,36,4,concluído
3288,2025-01-07,186,Site,54,1,concluído
3289,2025-07-03,48,Site,41,1,concluído
3290,2025-12-24,174,Site,45,3,cancelado
3291,2025-04-29,247,App,59,3,concluído
3292,2026-08-18,165,Site,14,4,concluído
3293,2026-08-06,124,Site,36,3,concluído
3294,2025-06-04,125,Site,40,1,concluído
3295,2025-08-26,120,App,42,2,concluído
3296,2025-04-24,131,Site,8,4,concluído
3297,2025-10-30,150,Site,46,4,concluído
3298,2025-03-16,276,Site,12,4,concluído
3299,2025-08-23,39,Marketplace,25,2,concluído
3300,2025-11-30,17,Site,43,1,cancelado
3301,2026-01-03,207,App,16,1,concluído
3302,2025-12-24,273,App,8,4,concluído
3303,2025-05-13,104,Site,41,2,concluído
3304,2026-04-21,81,Site,17,4,concluído
3305,2026-02-20,250,Marketplace,50,1,concluído
3306,2026-03-28,154,App,54,2,concluído
3307,2025-10-08,295,App,21,4,cancelado
3308,2026-06-20,59,App,45,1,concluído
3309,2025-08-22,49,Site,14,1,concluído
3310,2026-04-29,222,Marketplace,56,2,concluído
3311,2025-05-03,157,Marketplace,15,1,concluído
3312,2025-05-29,292,Site,53,3,concluído
3313,2025-11-13,203,Marketplace,48,1,concluído
3314,2025-11-30,142,App,19,1,concluído
3315,2026-03-24,64,Site,50,3,concluído
3316,2025-06-28,66,Marketplace,38,2,concluído
3317,2026-06-08,303,App,41,3,concluído
3318,2025-07-17,91,Marketplace,23,4,concluído
3319,2025-11-17,201,App,15,4,concluído
3320,2026-07-14,328,App,42,3,concluído
3321,2025-11-20,360,Site,4,4,concluído
3322,2026-02-14,108,Marketplace,21,3,concluído
3323,2026-06-30,44,App,9,1,concluído
3324,2026-08-08,310,Marketplace,1,4,concluído
3325,2025-10-27,275,App,1,3,concluído
3326,2025-09-08,133,Site,6,1,concluído
3327,2025-04-29,238,Site,57,3,concluído
3328,2025-11-19,76,App,47,1,concluído
3329,2026-07-06,281,Site,60,3,cancelado
3330,2025-10-20,291,Site,6,3,concluído
3331,2025-07-29,120,Site,60,1,concluído
3332,2025-03-06,188,App,36,2,concluído
3333,2025-08-22,134,App,48,1,concluído
3334,2025-05-23,13,Marketplace,52,1,concluído
3335,2026-08-10,51,Site,16,1,concluído
3336,2025-11-13,384,Marketplace,45,4,concluído
3337,2025-03-24,183,Site,39,2,concluído
3338,2025-02-10,60,Marketplace,25,1,concluído
3339,2026-05-26,18,App,30,3,concluído
3340,2026-07-13,142,Site,13,3,concluído
3341,2026-04-03,394,Site,12,1,concluído
3342,2025-03-16,154,App,56,3,cancelado
3343,2025-02-28,400,App,44,1,concluído
3344,2025-04-29,196,Site,34,3,concluído
3345,2026-03-27,306,Marketplace,42,4,concluído
3346,2026-04-05,315,Site,25,2,concluído
3347,2026-05-18,12,App,15,3,concluído
3348,2025-02-28,3,Marketplace,57,1,cancelado
3349,2025-04-02,369,App,60,2,concluído
3350,2026-06-25,373,App,13,4,concluído
3351,2026-07-12,54,Marketplace,49,1,concluído
3352,2026-03-12,259,Marketplace,27,4,concluído
3353,2025-03-05,370,Marketplace,43,1,concluído
3354,2025-02-11,381,Marketplace,7,2,concluído
3355,2025-02-03,119,Site,29,1,concluído
3356,2026-02-20,327,App,8,1,concluído
3357,2026-05-23,259,App,49,2,concluído
3358,2026-01-14,372,Marketplace,24,3,concluído
3359,2025-06-07,59,Marketplace,16,3,concluído
3360,2026-03-31,241,App,42,2,concluído
3361,2025-02-05,10,App,58,2,concluído
3362,2026-05-12,143,App,21,1,concluído
3363,2026-06-20,5,App,44,3,concluído
3364,2026-03-08,178,Marketplace,42,1,concluído
3365,2026-06-12,325,App,30,4,concluído
3366,2025-12-18,264,Site,49,1,concluído
3367,2025-10-09,127,Marketplace,8,3,concluído
3368,2025-07-13,171,Site,53,2,cancelado
3369,2026-07-08,147,Site,25,4,concluído
3370,2026-02-23,293,App,3,2,concluído
3371,2025-04-25,107,App,60,4,concluído
3372,2026-07-29,37,App,47,4,concluído
3373,2025-02-05,203,App,49,2,concluído
3374,2025-12-19,332,App,9,2,concluído
3375,2025-04-25,191,App,46,2,concluído
3376,2026-02-03,82,App,42,2,concluído
3377,2025-09-05,19,App,55,2,concluído
3378,2025-09-20,378,Marketplace,23,1,concluído
3379,2026-02-07,305,App,56,2,concluído
3380,2026-03-30,63,App,43,4,concluído
3381,2025-08-17,30,Marketplace,16,4,concluído
3382,2026-08-22,52,App,13,1,concluído
3383,2025-10-27,151,Site,55,3,concluído
3384,2025-04-07,325,Marketplace,39,1,concluído
3385,2025-01-04,64,Site,8,3,concluído
3386,2025-05-02,328,App,8,3,concluído
3387,2026-02-19,1,Site,50,4,cancelado
3388,2025-11-20,296,Site,11,3,concluído
3389,2025-07-22,113,App,14,4,concluído
3390,2025-10-16,385,App,37,4,concluído
3391,2026-05-18,191,App,52,3,concluído
3392,2025-12-09,109,Marketplace,21,2,concluído
3393,2025-02-04,98,App,40,2,cancelado
3394,2025-01-30,331,App,43,2,concluído
3395,2025-10-17,162,Site,37,2,concluído
3396,2025-08-31,141,Marketplace,42,2,concluído
3397,2026-05-26,295,App,14,2,concluído
3398,2025-12-16,215,App,38,3,concluído
3399,2026-03-31,266,Site,1,2,concluído
3400,2025-12-18,179,Site,44,2,concluído
3401,2025-07-27,26,Site,48,3,concluído
3402,2026-01-30,3,Marketplace,48,2,concluído
3403,2026-01-08,16,App,2,1,concluído
3404,2026-03-09,230,App,55,1,concluído
3405,2025-04-24,206,App,27,4,concluído
3406,2026-01-20,300,App,5,4,concluído
3407,2025-06-21,358,Site,33,3,concluído
3408,2026-04-20,70,Marketplace,35,1,concluído
3409,2026-04-25,383,App,25,3,concluído
3410,2026-01-10,373,Site,45,2,concluído
3411,2026-07-23,247,App,33,2,concluído
3412,2025-11-19,213,Site,14,4,concluído
3413,2025-01-16,71,App,38,4,concluído
3414,2025-12-30,72,Site,16,3,concluído
3415,2026-04-12,8,App,8,3,concluído
3416,2025-03-02,259,Marketplace,17,3,concluído
3417,2025-03-04,174,Marketplace,55,4,concluído
3418,2025-06-13,77,Marketplace,35,3,cancelado
3419,2026-05-22,54,Marketplace,20,3,cancelado
3420,2025-11-13,26,App,22,1,concluído
3421,2026-08-09,257,Site,52,4,cancelado
3422,2026-06-08,275,App,40,4,concluído
3423,2025-11-29,253,Marketplace,47,2,concluído
3424,2026-02-12,45,App,37,2,concluído
3425,2025-07-18,17,App,60,4,concluído
3426,2025-02-24,43,Site,40,4,concluído
3427,2025-08-28,301,App,25,2,concluído
3428,2025-12-22,296,Site,16,1,concluído
3429,2025-04-20,118,App,3,4,concluído
3430,2025-05-14,23,Site,47,3,concluído
3431,2025-01-09,128,Marketplace,56,4,cancelado
3432,2026-03-17,324,Site,40,3,concluído
3433,2026-06-24,58,App,30,3,concluído
3434,2026-05-12,319,App,8,1,concluído
3435,2025-08-16,186,App,39,3,concluído
3436,2025-12-23,57,App,13,2,concluído
3437,2026-07-31,374,Site,38,1,concluído
3438,2025-12-21,208,App,19,4,concluído
3439,2025-06-27,269,App,52,2,concluído
3440,2025-07-23,39,App,57,1,concluído
3441,2026-03-13,149,Marketplace,15,4,concluído
3442,2025-09-25,254,App,20,4,concluído
3443,2026-05-18,259,App,56,2,concluído
3444,2026-06-03,26,Site,2,2,concluído
3445,2025-01-22,242,App,31,1,concluído
3446,2026-03-10,378,Marketplace,9,3,concluído
3447,2025-08-10,315,App,26,3,concluído
3448,2025-11-08,84,Site,2,3,concluído
3449,2025-06-08,366,Site,9,4,concluído
3450,2025-08-09,274,Marketplace,25,2,concluído
3451,2025-07-18,23,Site,4,3,concluído
3452,2025-01-31,52,Marketplace,48,3,concluído
3453,2026-04-15,369,Site,35,4,concluído
3454,2025-03-27,84,Site,28,3,concluído
3455,2025-08-14,39,Site,29,1,concluído
3456,2025-04-26,181,Site,51,3,concluído
3457,2025-04-07,211,Site,51,4,concluído
3458,2025-08-13,230,App,3,3,concluído
3459,2026-07-06,264,App,42,3,concluído
3460,2026-07-21,400,App,29,3,concluído
3461,2025-08-18,304,App,47,3,concluído
3462,2025-10-31,11,Site,48,2,concluído
3463,2026-08-15,36,App,43,4,concluído
3464,2025-05-21,1,Site,41,1,concluído
3465,2026-07-21,159,Site,13,4,concluído
3466,2025-03-05,141,Site,52,1,concluído
3467,2025-05-16,374,Site,43,1,concluído
3468,2025-07-22,147,App,17,3,concluído
3469,2025-01-23,13,App,14,3,concluído
3470,2026-05-05,354,Site,31,4,concluído
3471,2026-05-29,105,Marketplace,21,2,concluído
3472,2025-08-19,366,Site,41,1,concluído
3473,2026-05-17,310,Site,25,2,concluído
3474,2026-04-09,353,Site,11,3,concluído
3475,2026-04-26,328,Site,24,2,concluído
3476,2026-04-27,58,Site,49,2,concluído
3477,2025-12-11,251,Site,50,4,concluído
3478,2025-03-08,165,App,19,3,concluído
3479,2026-07-09,252,App,48,3,concluído
3480,2026-01-01,299,App,6,3,concluído
3481,2026-06-25,201,Site,60,2,concluído
3482,2026-07-30,126,Marketplace,46,3,concluído
3483,2025-04-23,367,App,3,4,concluído
3484,2025-08-30,266,App,43,3,concluído
3485,2025-04-26,355,Marketplace,30,2,concluído
3486,2025-01-31,95,App,54,4,concluído
3487,2026-08-03,336,Marketplace,15,1,concluído
3488,2026-07-08,130,App,54,1,concluído
3489,2026-07-14,185,App,53,2,concluído
3490,2026-06-15,345,Site,17,3,concluído
3491,2026-01-25,142,App,26,2,concluído
3492,2025-11-10,101,App,39,2,concluído
3493,2026-08-18,367,App,15,2,concluído
3494,2025-11-28,386,App,60,4,concluído
3495,2026-01-21,125,App,12,2,concluído
3496,2025-05-08,123,Marketplace,15,4,concluído
3497,2026-03-25,92,App,31,2,concluído
3498,2026-05-07,10,App,29,1,concluído
3499,2026-02-12,222,App,4,1,cancelado
3500,2025-10-27,102,Marketplace,55,1,concluído
3501,2025-04-29,340,Marketplace,15,4,concluído
3502,2025-01-21,69,Marketplace,7,2,concluído
3503,2026-01-12,255,Marketplace,32,3,concluído
3504,2026-02-14,203,App,56,4,concluído
3505,2026-04-09,245,Site,1,1,concluído
3506,2026-07-25,46,App,30,1,concluído
3507,2025-10-26,187,Marketplace,55,4,concluído
3508,2026-05-13,251,Site,54,3,concluído
3509,2026-03-06,137,App,11,3,concluído
3510,2025-06-16,350,Marketplace,38,2,concluído
3511,2026-05-23,212,Marketplace,51,4,concluído
3512,2025-02-01,146,Marketplace,41,3,cancelado
3513,2025-12-26,13,App,40,2,concluído
3514,2026-07-19,68,App,47,3,concluído
3515,2026-01-31,191,App,28,1,concluído
3516,2026-07-17,161,Site,5,1,concluído
3517,2025-02-03,349,Site,39,1,concluído
3518,2025-11-16,315,App,38,4,concluído
3519,2026-04-14,64,Marketplace,52,3,concluído
3520,2026-01-21,237,App,56,1,concluído
3521,2026-06-13,182,Site,21,4,concluído
3522,2025-10-05,41,Marketplace,58,4,concluído
3523,2026-02-14,267,Site,1,2,concluído
3524,2025-09-09,215,App,59,1,concluído
3525,2026-06-08,35,App,9,2,concluído
3526,2025-03-13,188,App,39,3,concluído
3527,2025-06-02,293,Site,41,3,concluído
3528,2025-02-28,131,Site,38,2,concluído
3529,2026-02-26,143,App,60,1,concluído
3530,2025-05-20,45,Marketplace,34,3,cancelado
3531,2025-07-10,82,Site,8,3,concluído
3532,2026-05-17,393,Marketplace,37,2,concluído
3533,2025-08-05,249,Site,18,3,concluído
3534,2025-03-29,71,Marketplace,37,3,concluído
3535,2025-01-13,194,App,23,3,concluído
3536,2025-05-17,78,App,3,1,concluído
3537,2026-07-03,178,Marketplace,39,2,concluído
3538,2025-11-26,59,Marketplace,6,2,concluído
3539,2026-08-20,248,Site,20,4,concluído
3540,2025-05-10,229,App,38,4,concluído
3541,2025-07-30,254,App,53,4,concluído
3542,2025-04-08,178,Marketplace,19,2,concluído
3543,2025-08-28,115,Marketplace,18,2,concluído
3544,2025-12-04,100,App,19,2,concluído
3545,2026-04-30,87,App,35,4,concluído
3546,2025-08-09,172,Site,12,3,concluído
3547,2026-04-08,181,Site,32,3,concluído
3548,2026-01-11,270,Site,49,2,concluído
3549,2025-06-25,21,Site,5,3,concluído
3550,2026-07-02,113,Marketplace,58,4,concluído
3551,2025-09-18,342,App,32,3,concluído
3552,2025-04-01,367,Site,38,2,concluído
3553,2026-08-01,373,Site,38,4,concluído
3554,2026-07-03,123,Site,57,4,concluído
3555,2025-01-30,55,Marketplace,40,4,concluído
3556,2026-06-26,80,Site,54,4,concluído
3557,2026-07-23,53,Site,18,2,concluído
3558,2026-05-13,382,App,14,2,cancelado
3559,2025-06-02,354,Site,39,1,cancelado
3560,2026-01-14,325,App,10,2,concluído
3561,2025-11-19,292,App,7,3,concluído
3562,2026-01-08,138,Site,13,3,cancelado
3563,2026-01-05,191,Site,17,1,concluído
3564,2026-01-19,337,Marketplace,6,4,concluído
3565,2025-11-05,326,Site,44,1,concluído
3566,2026-02-19,208,Marketplace,35,1,concluído
3567,2025-11-12,336,App,13,3,concluído
3568,2025-01-10,139,Site,17,1,concluído
3569,2025-01-22,166,Marketplace,56,4,concluído
3570,2026-07-29,336,Site,55,1,concluído
3571,2026-06-30,151,Marketplace,8,1,concluído
3572,2025-12-18,301,Site,37,4,concluído
3573,2025-04-15,182,App,20,2,concluído
3574,2026-04-14,120,Site,22,3,concluído
3575,2025-03-27,88,App,36,3,concluído
3576,2025-08-15,243,App,60,1,cancelado
3577,2025-07-17,192,App,35,3,concluído
3578,2025-01-08,148,App,58,3,concluído
3579,2026-04-30,298,App,50,1,concluído
3580,2025-11-02,1,Marketplace,47,4,concluído
3581,2025-07-09,37,App,48,4,concluído
3582,2025-11-01,385,Marketplace,48,4,concluído
3583,2025-01-01,266,Site,16,1,concluído
3584,2025-09-20,220,App,59,1,concluído
3585,2025-11-08,6,App,56,4,concluído
3586,2025-07-23,240,Marketplace,37,2,concluído
3587,2026-05-14,174,Site,43,3,concluído
3588,2025-05-30,240,Marketplace,53,2,concluído
3589,2025-03-24,17,App,10,1,concluído
3590,2025-11-13,221,Site,4,3,concluído
3591,2026-06-17,232,Marketplace,60,1,concluído
3592,2025-08-14,117,Marketplace,34,1,concluído
3593,2025-01-28,22,App,44,3,concluído
3594,2026-08-05,389,Marketplace,31,1,concluído
3595,2025-09-24,284,App,32,1,concluído
3596,2025-04-14,249,Marketplace,3,4,concluído
3597,2026-01-05,307,Site,18,3,concluído
3598,2025-07-11,269,Site,6,3,concluído
3599,2026-07-17,54,App,26,1,concluído
3600,2025-06-26,182,Marketplace,2,1,concluído
3601,2025-11-27,356,App,49,2,concluído
3602,2025-11-22,116,Site,18,2,concluído
3603,2025-05-26,389,Site,45,2,concluído
3604,2025-10-27,26,Site,4,1,concluído
3605,2025-03-07,133,Site,2,4,concluído
3606,2026-01-22,141,Site,26,2,concluído
3607,2026-03-31,247,Site,48,4,concluído
3608,2026-07-25,71,Site,49,2,concluído
3609,2025-07-15,92,Site,33,2,concluído
3610,2025-06-21,265,Site,37,1,concluído
3611,2025-11-26,114,Marketplace,42,3,concluído
3612,2026-02-20,352,Site,41,1,concluído
3613,2026-08-19,349,App,45,3,concluído
3614,2025-01-16,122,Site,2,4,concluído
3615,2025-05-23,224,App,26,2,concluído
3616,2025-06-07,134,App,51,4,concluído
3617,2025-06-03,138,Marketplace,27,3,concluído
3618,2025-10-06,269,Site,9,1,concluído
3619,2026-06-08,118,Site,40,1,concluído
3620,2025-01-19,60,Marketplace,19,3,concluído
3621,2026-05-05,104,App,31,3,concluído
3622,2026-01-06,372,App,32,1,concluído
3623,2026-01-05,104,App,42,3,concluído
3624,2026-02-11,146,App,56,4,concluído
3625,2025-03-11,252,Site,42,1,concluído
3626,2026-03-25,41,Marketplace,60,4,concluído
3627,2025-05-29,108,Site,2,3,concluído
3628,2025-11-06,70,App,47,3,concluído
3629,2026-02-11,370,Site,26,1,concluído
3630,2025-12-29,374,App,44,3,concluído
3631,2025-07-13,303,Site,6,2,concluído
3632,2025-08-26,99,Site,32,2,concluído
3633,2025-10-13,247,App,2,4,concluído
3634,2025-01-25,265,Marketplace,40,1,concluído
3635,2026-03-12,348,Marketplace,13,1,cancelado
3636,2025-03-01,63,App,9,2,concluído
3637,2025-10-03,295,Site,5,3,concluído
3638,2026-01-28,78,Site,17,1,concluído
3639,2025-02-18,228,App,58,4,concluído
3640,2026-08-21,352,App,60,3,concluído
3641,2025-08-15,25,Site,5,4,concluído
3642,2025-01-10,60,Marketplace,59,2,concluído
3643,2026-01-31,326,Site,36,1,concluído
3644,2025-12-01,8,Site,20,1,concluído
3645,2026-01-20,275,Site,57,3,concluído
3646,2026-03-27,201,Site,15,3,concluído
3647,2025-10-13,139,App,11,3,concluído
3648,2026-05-12,346,App,14,4,concluído
3649,2025-08-11,340,Marketplace,9,4,concluído
3650,2025-11-24,131,Marketplace,30,3,concluído
3651,2025-04-06,2,Marketplace,9,1,concluído
3652,2026-01-07,52,App,14,3,concluído
3653,2025-06-06,43,Site,23,4,concluído
3654,2026-02-23,393,Site,39,4,concluído
3655,2026-04-26,239,App,52,4,concluído
3656,2026-05-31,271,App,5,1,concluído
3657,2026-07-12,93,Marketplace,38,2,concluído
3658,2025-03-15,341,Site,7,3,concluído
3659,2025-03-24,290,Site,60,1,concluído
3660,2026-07-10,301,App,17,2,concluído
3661,2025-08-17,188,Site,52,1,concluído
3662,2025-01-16,280,App,47,1,concluído
3663,2025-06-22,218,App,20,1,concluído
3664,2026-05-17,154,Site,20,4,concluído
3665,2025-08-01,238,App,20,4,concluído
3666,2025-02-16,130,Marketplace,29,2,concluído
3667,2026-03-10,382,Site,27,1,concluído
3668,2025-04-27,287,App,40,2,concluído
3669,2025-07-31,296,App,28,2,concluído
3670,2025-01-03,287,Site,48,1,concluído
3671,2025-12-28,180,App,28,3,concluído
3672,2025-09-25,381,App,19,4,concluído
3673,2026-06-05,84,Site,20,4,concluído
3674,2025-07-20,228,App,44,4,concluído
3675,2025-05-03,28,Site,9,4,concluído
3676,2025-04-10,118,Site,18,1,concluído
3677,2025-05-01,230,App,19,3,concluído
3678,2025-09-28,196,Marketplace,39,3,concluído
3679,2025-02-22,377,Site,8,1,concluído
3680,2025-08-30,246,Site,28,1,concluído
3681,2026-05-28,165,App,41,3,concluído
3682,2026-04-06,171,Site,56,3,concluído
3683,2026-01-18,245,App,27,1,concluído
3684,2026-06-20,317,Site,59,2,concluído
3685,2026-04-14,111,App,37,1,concluído
3686,2026-01-27,234,Marketplace,47,1,concluído
3687,2026-06-02,230,App,15,3,concluído
3688,2025-03-16,4,Marketplace,55,3,concluído
3689,2026-05-06,366,Marketplace,16,4,concluído
3690,2025-06-27,228,Site,9,4,concluído
3691,2026-03-16,97,App,5,1,concluído
3692,2026-07-02,254,App,40,2,concluído
3693,2025-10-25,272,Marketplace,38,4,concluído
3694,2025-02-23,367,Site,12,1,concluído
3695,2025-08-11,14,Site,53,4,concluído
3696,2025-09-02,166,App,17,4,concluído
3697,2026-07-17,73,Marketplace,37,1,concluído
3698,2026-07-20,230,App,32,1,concluído
3699,2025-12-08,201,App,36,3,concluído
3700,2026-07-25,190,App,45,2,concluído
3701,2025-09-19,393,Site,56,4,concluído
3702,2025-09-04,213,Marketplace,44,3,concluído
3703,2026-05-17,165,Marketplace,55,3,concluído
3704,2026-02-05,27,App,53,1,concluído
3705,2025-11-10,116,App,22,2,concluído
3706,2025-10-02,359,Marketplace,34,1,concluído
3707,2026-02-28,181,Site,12,1,concluído
3708,2026-03-29,365,App,56,1,concluído
3709,2025-10-22,214,App,59,4,concluído
3710,2025-01-19,220,Site,54,1,cancelado
3711,2025-03-03,172,Marketplace,45,3,concluído
3712,2025-03-28,223,Site,51,3,concluído
3713,2025-10-05,27,App,48,1,concluído
3714,2026-01-04,24,Site,14,4,concluído
3715,2026-04-28,191,App,16,3,concluído
3716,2025-05-20,240,Marketplace,32,1,concluído
3717,2026-04-17,221,App,26,1,concluído
3718,2026-02-04,172,App,45,3,concluído
3719,2025-01-31,118,Site,45,3,concluído
3720,2025-07-30,284,App,59,2,concluído
3721,2025-07-01,242,App,48,2,concluído
3722,2026-06-16,19,Site,1,1,concluído
3723,2026-07-07,181,Marketplace,21,1,concluído
3724,2026-05-07,285,Marketplace,20,3,concluído
3725,2025-11-13,314,App,39,2,concluído
3726,2025-10-23,115,App,21,2,concluído
3727,2025-07-06,370,Site,59,2,concluído
3728,2026-04-09,261,Site,18,3,concluído
3729,2025-02-21,176,App,27,2,concluído
3730,2025-06-12,251,Marketplace,50,2,concluído
3731,2025-03-23,349,Marketplace,23,2,concluído
3732,2025-10-24,91,App,3,3,concluído
3733,2025-06-29,61,Marketplace,20,1,concluído
3734,2025-04-29,177,Site,22,4,concluído
3735,2025-08-14,34,App,37,3,concluído
3736,2026-06-01,335,Site,43,1,concluído
3737,2025-12-01,389,App,33,4,concluído
3738,2026-05-09,243,App,25,4,concluído
3739,2026-07-03,392,Marketplace,31,1,concluído
3740,2026-06-26,28,Site,9,1,concluído
3741,2025-07-30,254,App,11,1,concluído
3742,2026-06-11,178,Site,37,1,concluído
3743,2026-06-30,111,Marketplace,52,3,concluído
3744,2026-07-30,125,Site,32,1,concluído
3745,2025-07-30,219,Marketplace,4,2,cancelado
3746,2025-05-18,257,Marketplace,59,4,concluído
3747,2025-12-17,66,App,20,3,concluído
3748,2026-07-14,246,Site,45,3,concluído
3749,2026-06-25,371,Site,54,1,concluído
3750,2025-12-09,5,Marketplace,60,4,concluído
3751,2025-03-31,352,App,7,1,concluído
3752,2025-09-11,244,App,12,3,concluído
3753,2026-03-05,137,App,39,3,concluído
3754,2025-12-03,294,Site,46,2,concluído
3755,2025-07-27,248,Marketplace,51,4,concluído
3756,2025-07-25,308,Marketplace,34,4,concluído
3757,2025-02-05,33,Site,10,1,concluído
3758,2025-06-23,24,App,43,4,concluído
3759,2026-02-06,257,App,41,1,concluído
3760,2025-05-25,122,Marketplace,29,4,concluído
3761,2026-08-20,96,Site,39,4,concluído
3762,2025-02-19,169,Marketplace,13,3,cancelado
3763,2025-12-20,291,App,49,4,concluído
3764,2025-10-25,72,Site,3,4,concluído
3765,2026-05-15,390,Marketplace,51,3,concluído
3766,2026-06-17,169,App,51,1,concluído
3767,2025-11-23,61,App,42,2,concluído
3768,2026-01-14,29,Site,49,4,concluído
3769,2026-02-24,343,Site,55,1,concluído
3770,2025-11-09,46,Marketplace,10,4,concluído
3771,2025-04-21,168,Marketplace,33,1,concluído
3772,2025-09-15,268,Site,39,3,cancelado
3773,2025-05-25,206,App,57,3,concluído
3774,2025-10-06,106,Site,45,1,concluído
3775,2026-01-05,44,Marketplace,36,2,concluído
3776,2025-05-06,285,Site,34,1,concluído
3777,2025-05-30,197,Marketplace,9,2,concluído
3778,2026-05-09,20,Site,20,4,concluído
3779,2025-08-15,73,App,26,1,concluído
3780,2025-04-30,226,Site,53,4,concluído
3781,2026-03-04,68,Site,52,3,concluído
3782,2026-03-06,157,App,39,3,concluído
3783,2026-05-11,50,App,7,2,concluído
3784,2026-04-01,319,Site,44,4,concluído
3785,2026-08-19,253,App,28,2,concluído
3786,2025-12-11,314,App,40,3,concluído
3787,2025-06-22,21,Site,26,1,concluído
3788,2026-06-02,151,Marketplace,44,4,concluído
3789,2025-06-08,108,Site,14,3,concluído
3790,2025-06-24,250,Marketplace,9,1,cancelado
3791,2026-05-13,329,Marketplace,14,3,concluído
3792,2026-06-13,92,Site,56,1,concluído
3793,2025-07-23,308,App,5,2,concluído
3794,2026-03-14,233,Marketplace,18,3,concluído
3795,2026-07-08,330,App,21,4,concluído
3796,2026-04-25,33,Marketplace,51,2,concluído
3797,2025-01-03,397,Site,22,1,concluído
3798,2026-02-03,174,App,54,2,concluído
3799,2025-04-12,113,Site,60,4,concluído
3800,2026-05-23,74,Site,40,4,concluído
3801,2025-02-10,394,Marketplace,21,1,concluído
3802,2026-08-19,354,App,36,1,concluído
3803,2025-04-17,53,Marketplace,41,4,concluído
3804,2025-09-10,178,App,7,3,concluído
3805,2025-05-21,294,Marketplace,50,3,concluído
3806,2026-05-04,237,Marketplace,27,1,concluído
3807,2025-08-25,76,App,51,2,concluído
3808,2026-03-23,145,App,37,4,cancelado
3809,2025-02-10,148,Marketplace,52,1,concluído
3810,2025-09-29,116,Marketplace,5,1,cancelado
3811,2026-07-01,385,App,3,2,concluído
3812,2026-07-11,82,Site,7,3,concluído
3813,2025-05-06,283,Marketplace,53,4,concluído
3814,2025-08-25,365,App,60,3,concluído
3815,2025-09-03,318,Site,60,2,concluído
3816,2025-12-06,320,Site,20,2,concluído
3817,2025-11-19,64,App,16,1,concluído
3818,2025-03-05,54,Marketplace,21,2,concluído
3819,2026-04-03,314,App,50,1,cancelado
3820,2025-05-16,299,Marketplace,16,1,concluído
3821,2025-07-08,297,Site,33,3,concluído
3822,2026-05-20,168,Site,39,2,concluído
3823,2026-02-18,210,Site,22,3,concluído
3824,2025-08-26,7,Site,29,1,concluído
3825,2026-07-02,117,Marketplace,40,3,concluído
3826,2025-08-25,212,Site,48,1,concluído
3827,2025-12-06,51,Marketplace,12,3,concluído
3828,2025-05-28,53,Site,31,3,concluído
3829,2025-04-20,19,App,10,2,concluído
3830,2025-10-22,84,App,1,1,concluído
3831,2025-12-04,398,Marketplace,39,4,concluído
3832,2026-04-29,279,Site,29,1,concluído
3833,2025-08-23,380,Site,16,1,cancelado
3834,2026-06-22,103,Site,4,2,concluído
3835,2025-12-31,240,Site,57,4,concluído
3836,2025-02-12,357,Site,50,2,concluído
3837,2026-03-20,141,Site,57,2,concluído
3838,2025-12-11,263,Marketplace,7,3,concluído
3839,2025-08-22,278,App,1,2,concluído
3840,2025-10-08,333,Site,14,3,concluído
3841,2025-07-01,388,App,7,2,concluído
3842,2026-01-04,247,Marketplace,28,3,concluído
3843,2025-12-07,234,Site,39,2,concluído
3844,2025-09-26,348,Site,12,2,concluído
3845,2025-06-21,274,Marketplace,24,2,concluído
3846,2025-08-28,145,Site,33,2,concluído
3847,2025-10-26,253,App,20,4,concluído
3848,2025-10-11,220,Site,28,2,concluído
3849,2025-07-05,92,App,36,4,concluído
3850,2025-12-16,207,Marketplace,58,3,concluído
3851,2025-05-16,250,Site,19,3,concluído
3852,2025-10-28,362,Marketplace,6,2,concluído
3853,2025-03-14,233,Marketplace,53,2,concluído
3854,2025-10-11,66,Marketplace,35,4,concluído
3855,2026-04-16,396,Site,29,1,concluído
3856,2026-05-06,232,App,44,3,concluído
3857,2026-02-21,115,App,59,4,concluído
3858,2026-03-24,302,Marketplace,8,3,concluído
3859,2025-02-09,154,Marketplace,52,1,concluído
3860,2025-07-24,149,Marketplace,39,3,concluído
3861,2026-01-28,336,App,36,1,concluído
3862,2026-04-26,348,App,52,4,concluído
3863,2025-12-16,210,Marketplace,19,2,concluído
3864,2026-05-28,150,App,48,2,concluído
3865,2025-06-13,346,Site,35,4,concluído
3866,2025-04-03,70,App,57,2,concluído
3867,2025-02-21,299,App,29,1,concluído
3868,2025-12-16,234,Site,44,4,concluído
3869,2026-02-04,342,Marketplace,30,3,concluído
3870,2025-06-21,169,Marketplace,24,3,concluído
3871,2026-04-16,333,Site,23,1,concluído
3872,2026-03-20,7,Site,56,2,concluído
3873,2025-08-05,304,Marketplace,51,2,concluído
3874,2025-05-24,28,Site,14,2,concluído
3875,2026-03-22,257,Site,52,3,concluído
3876,2026-02-07,79,Site,36,1,concluído
3877,2025-04-13,386,App,7,2,concluído
3878,2025-06-03,308,App,46,4,concluído
3879,2025-10-19,42,Marketplace,10,3,concluído
3880,2025-11-03,357,Site,53,2,concluído
3881,2025-04-10,101,App,28,1,concluído
3882,2026-07-24,219,App,55,1,concluído
3883,2025-08-22,35,Marketplace,29,2,concluído
3884,2025-08-17,43,Site,6,1,concluído
3885,2025-02-06,97,Site,47,1,concluído
3886,2026-06-10,214,App,44,4,concluído
3887,2025-05-22,218,Marketplace,19,4,concluído
3888,2026-08-16,343,Marketplace,13,3,concluído
3889,2025-10-25,67,Site,52,4,concluído
3890,2026-06-09,300,App,47,2,concluído
3891,2025-04-18,3,Site,18,3,concluído
3892,2025-04-10,117,Marketplace,43,4,concluído
3893,2026-04-26,71,Marketplace,15,1,concluído
3894,2026-05-07,50,Marketplace,11,2,cancelado
3895,2025-11-22,234,Site,40,1,concluído
3896,2025-01-20,361,App,50,4,cancelado
3897,2026-07-21,267,Site,56,4,concluído
3898,2025-08-24,342,Marketplace,28,3,concluído
3899,2026-07-16,237,App,9,3,concluído
3900,2026-06-07,22,App,33,2,concluído
3901,2026-05-26,139,Site,41,1,concluído
3902,2026-02-18,330,Site,59,4,concluído
3903,2026-02-08,18,Marketplace,7,4,concluído
3904,2025-11-16,39,App,40,4,concluído
3905,2025-01-15,334,App,31,2,concluído
3906,2025-08-21,26,App,36,1,concluído
3907,2026-03-15,384,Site,6,3,concluído
3908,2026-05-03,304,Marketplace,2,1,concluído
3909,2025-12-02,267,Site,37,1,concluído
3910,2026-03-02,215,Site,12,4,concluído
3911,2025-01-14,36,App,37,4,concluído
3912,2025-10-09,166,Site,2,2,concluído
3913,2025-11-01,324,Marketplace,49,3,concluído
3914,2026-06-20,362,Marketplace,20,3,concluído
3915,2025-07-06,179,App,28,1,concluído
3916,2025-05-18,336,Site,21,1,concluído
3917,2025-07-31,311,App,26,2,concluído
3918,2025-04-13,24,App,32,4,concluído
3919,2025-12-02,249,App,39,2,concluído
3920,2026-01-21,247,App,42,3,concluído
3921,2026-04-26,218,App,60,1,concluído
3922,2026-08-07,309,Marketplace,11,4,concluído
3923,2025-02-14,356,App,53,4,concluído
3924,2025-05-29,221,Marketplace,37,2,concluído
3925,2025-06-30,129,Marketplace,19,1,concluído
3926,2025-05-30,394,Site,56,4,concluído
3927,2026-05-12,386,Site,43,4,concluído
3928,2025-03-25,275,Marketplace,12,3,concluído
3929,2025-01-18,257,App,11,2,concluído
3930,2026-06-01,42,Site,40,3,concluído
3931,2026-07-31,161,Site,44,2,concluído
3932,2025-05-16,80,Marketplace,3,3,concluído
3933,2025-07-19,206,Marketplace,38,4,concluído
3934,2025-10-29,331,Marketplace,32,2,concluído
3935,2025-11-12,90,Site,59,1,concluído
3936,2026-08-18,399,Site,45,3,concluído
3937,2025-08-31,52,Marketplace,55,4,concluído
3938,2025-01-08,40,Marketplace,3,1,cancelado
3939,2025-09-11,390,Site,46,4,concluído
3940,2025-11-30,41,Marketplace,21,2,concluído
3941,2025-11-07,295,Marketplace,34,3,concluído
3942,2025-11-04,306,Site,53,3,concluído
3943,2026-07-08,133,App,53,1,concluído
3944,2026-04-30,26,App,14,1,concluído
3945,2025-06-01,124,Marketplace,15,4,concluído
3946,2025-08-02,28,App,44,3,concluído
3947,2026-02-05,269,Site,53,3,concluído
3948,2025-09-04,356,Site,37,2,concluído
3949,2025-09-15,399,Marketplace,4,1,concluído
3950,2025-04-11,321,Marketplace,10,2,concluído
3951,2025-06-02,310,Marketplace,45,3,concluído
3952,2026-03-21,353,Site,45,3,concluído
3953,2026-05-21,308,App,54,2,concluído
3954,2026-04-16,261,Site,32,1,concluído
3955,2025-07-04,399,App,26,1,concluído
3956,2025-03-23,130,Site,7,4,concluído
3957,2025-04-06,166,Marketplace,47,3,concluído
3958,2025-08-25,363,Site,57,4,concluído
3959,2025-11-07,125,Site,3,1,concluído
3960,2026-06-20,120,Site,30,2,concluído
3961,2026-06-24,61,Marketplace,22,2,concluído
3962,2025-01-02,111,Site,45,2,cancelado
3963,2026-03-01,238,Site,46,2,concluído
3964,2025-06-29,355,App,14,1,concluído
3965,2025-04-29,55,Site,58,1,concluído
3966,2025-11-30,273,App,9,4,concluído
3967,2025-01-21,307,Site,47,2,concluído
3968,2025-07-20,359,Marketplace,45,1,concluído
3969,2025-11-28,301,App,10,2,concluído
3970,2025-06-13,63,Site,41,4,concluído
3971,2025-12-23,196,App,17,2,concluído
3972,2025-10-04,381,App,17,4,concluído
3973,2026-04-25,364,App,6,1,concluído
3974,2025-04-19,246,App,45,1,concluído
3975,2025-02-04,386,Marketplace,49,3,cancelado
3976,2025-11-14,268,Marketplace,31,3,concluído
3977,2025-06-04,26,Site,47,4,concluído
3978,2026-03-01,366,Site,21,2,cancelado
3979,2025-02-25,68,Marketplace,34,1,concluído
3980,2025-12-12,153,Marketplace,48,3,concluído
3981,2026-08-17,96,Site,26,2,concluído
3982,2025-02-25,288,App,38,1,concluído
3983,2025-07-01,12,Site,9,1,concluído
3984,2026-05-22,257,Marketplace,31,3,concluído
3985,2025-11-17,346,App,52,3,cancelado
3986,2025-04-15,316,Site,47,1,concluído
3987,2025-05-08,123,App,19,3,concluído
3988,2026-04-04,359,App,33,4,concluído
3989,2026-06-01,145,Site,38,4,concluído
3990,2025-08-05,273,App,57,2,concluído
3991,2025-10-12,203,Marketplace,50,1,concluído
3992,2026-04-15,28,Marketplace,50,3,concluído
3993,2025-04-17,2,App,46,3,concluído
3994,2025-05-04,74,Marketplace,22,4,concluído
3995,2026-04-10,374,Marketplace,23,3,concluído
3996,2025-04-22,382,Site,28,3,concluído
3997,2026-04-08,165,Site,26,3,concluído
3998,2025-10-26,388,Marketplace,58,3,concluído
3999,2026-08-18,20,Site,53,2,concluído
4000,2025-01-20,387,App,54,2,concluído
4001,2026-07-22,93,App,37,2,concluído
4002,2025-05-16,15,App,12,2,concluído
4003,2025-01-22,304,Site,9,4,concluído
4004,2026-03-11,153,App,17,2,concluído
4005,2025-11-16,117,Site,40,2,concluído
4006,2026-05-18,304,Site,22,4,concluído
4007,2025-03-07,134,Marketplace,40,1,concluído
4008,2025-02-18,302,Site,53,2,concluído
4009,2025-12-07,79,Marketplace,21,2,concluído
4010,2026-06-14,35,Marketplace,56,2,concluído
4011,2025-09-01,130,App,31,2,concluído
4012,2026-04-24,244,Site,49,4,concluído
4013,2026-06-28,90,App,4,2,concluído
4014,2026-06-06,58,Marketplace,17,2,concluído
4015,2025-11-02,300,Site,56,2,concluído
4016,2026-02-24,198,App,54,4,concluído
4017,2025-11-12,173,App,35,4,concluído
4018,2026-02-09,96,Site,2,1,cancelado
4019,2025-12-07,8,Marketplace,4,1,concluído
4020,2025-11-12,22,Marketplace,26,1,concluído
4021,2025-09-20,273,App,54,2,concluído
4022,2026-01-27,33,App,23,3,concluído
4023,2026-03-27,99,Site,54,1,concluído
4024,2026-07-06,365,Site,33,3,concluído
4025,2026-01-03,138,App,9,2,concluído
4026,2025-03-02,298,App,34,4,concluído
4027,2025-12-19,138,Marketplace,22,3,concluído
4028,2025-07-09,373,Site,14,2,concluído
4029,2025-01-17,329,Site,41,3,concluído
4030,2025-02-13,188,Site,13,1,concluído
4031,2025-12-21,274,Site,55,2,concluído
4032,2026-07-21,166,Site,49,2,concluído
4033,2025-10-31,378,App,47,1,cancelado
4034,2025-09-25,144,App,5,2,concluído
4035,2025-02-23,335,Marketplace,58,3,concluído
4036,2026-02-10,247,Marketplace,30,3,concluído
4037,2025-02-03,258,Site,44,4,concluído
4038,2026-05-20,141,App,12,2,concluído
4039,2026-05-05,334,App,47,3,concluído
4040,2026-08-18,299,App,20,3,concluído
4041,2025-06-20,327,Marketplace,43,4,concluído
4042,2025-04-08,321,Marketplace,17,4,concluído
4043,2025-06-29,64,Site,56,3,concluído
4044,2026-04-25,351,Marketplace,43,2,concluído
4045,2025-05-12,337,App,28,3,concluído
4046,2026-06-17,98,Site,28,3,concluído
4047,2025-04-03,393,App,1,4,cancelado
4048,2025-01-30,211,App,18,1,concluído
4049,2025-05-12,129,Marketplace,48,4,concluído
4050,2026-03-29,90,Marketplace,50,4,concluído
4051,2025-12-28,146,App,60,1,concluído
4052,2025-08-01,16,App,6,2,concluído
4053,2026-01-29,277,Site,16,1,concluído
4054,2026-01-25,284,App,46,3,concluído
4055,2025-11-29,268,Site,22,1,concluído
4056,2025-11-05,220,Site,15,2,concluído
4057,2025-03-02,146,App,17,1,cancelado
4058,2025-06-05,290,App,56,1,concluído
4059,2025-11-13,349,App,52,2,concluído
4060,2025-03-23,36,Marketplace,1,2,concluído
4061,2025-10-13,154,App,51,3,concluído
4062,2025-03-12,399,Site,34,1,concluído
4063,2026-04-18,345,App,51,2,concluído
4064,2025-03-03,398,Site,38,4,concluído
4065,2025-02-25,74,App,42,4,concluído
4066,2026-01-18,186,App,35,2,concluído
4067,2025-05-13,53,Site,45,1,concluído
4068,2025-07-30,347,Site,49,4,concluído
4069,2025-07-08,208,App,31,3,concluído
4070,2025-05-10,98,App,7,2,concluído
4071,2026-04-03,37,Marketplace,6,3,concluído
4072,2026-02-20,296,App,25,1,concluído
4073,2025-05-24,325,App,29,2,concluído
4074,2026-02-17,352,Site,52,2,cancelado
4075,2026-03-05,389,App,2,3,concluído
4076,2025-11-20,326,Site,54,1,concluído
4077,2025-12-14,315,Site,4,2,concluído
4078,2026-07-15,325,Site,30,4,concluído
4079,2025-09-30,400,Site,26,1,concluído
4080,2025-08-20,186,Site,34,1,concluído
4081,2025-11-20,304,Marketplace,3,4,concluído
4082,2026-05-17,328,App,46,4,concluído
4083,2026-03-02,47,App,9,2,concluído
4084,2025-02-15,277,Site,47,1,concluído
4085,2025-10-03,136,App,35,3,cancelado
4086,2026-03-20,53,App,54,2,concluído
4087,2025-05-15,69,App,59,3,concluído
4088,2026-08-17,46,Site,51,1,concluído
4089,2026-04-30,360,App,28,4,concluído
4090,2026-05-23,309,Site,25,3,concluído
4091,2025-02-19,41,Marketplace,40,3,concluído
4092,2025-12-14,251,Site,39,3,concluído
4093,2025-11-13,265,App,48,1,concluído
4094,2026-01-12,208,Marketplace,29,4,concluído
4095,2026-05-26,243,App,28,2,concluído
4096,2025-07-31,363,Marketplace,8,2,concluído
4097,2025-11-17,208,Site,11,4,concluído
4098,2026-02-12,264,App,50,1,concluído
4099,2026-03-28,229,Marketplace,60,1,concluído
4100,2026-04-08,159,Site,37,4,concluído
4101,2025-07-22,357,Site,21,2,concluído
4102,2026-08-22,166,Site,4,3,concluído
4103,2025-01-06,320,Site,3,3,concluído
4104,2025-10-23,243,Site,41,4,concluído
4105,2026-01-01,274,Marketplace,39,3,concluído
4106,2025-02-06,305,App,17,2,concluído
4107,2025-09-28,295,Site,12,3,concluído
4108,2025-12-24,226,Site,5,3,concluído
4109,2025-12-31,247,Site,41,2,concluído
4110,2025-03-13,204,Site,37,1,concluído
4111,2025-06-16,136,App,20,2,cancelado
4112,2025-05-27,291,Marketplace,44,4,cancelado
4113,2026-01-19,352,App,51,1,concluído
4114,2025-07-17,283,App,32,1,concluído
4115,2025-12-09,309,Site,16,4,concluído
4116,2026-03-15,333,App,1,4,concluído
4117,2026-04-24,147,App,48,1,concluído
4118,2025-04-21,26,App,35,1,concluído
4119,2026-06-27,136,Site,21,3,concluído
4120,2025-04-10,302,Marketplace,1,4,concluído
4121,2025-01-14,327,Site,49,3,cancelado
4122,2025-01-27,206,App,56,4,concluído
4123,2025-05-01,312,Marketplace,29,3,concluído
4124,2026-06-08,30,App,17,4,concluído
4125,2025-05-05,258,Marketplace,38,3,concluído
4126,2026-02-21,272,Site,53,2,concluído
4127,2025-09-09,204,App,36,3,concluído
4128,2025-01-24,287,Site,1,2,concluído
4129,2025-09-24,197,App,12,3,cancelado
4130,2025-01-17,210,Marketplace,6,4,concluído
4131,2025-10-13,242,App,25,4,concluído
4132,2025-12-02,318,Marketplace,28,3,cancelado
4133,2025-11-09,100,Marketplace,33,1,concluído
4134,2025-06-19,121,Marketplace,46,3,concluído
4135,2026-04-05,168,Marketplace,7,2,concluído
4136,2025-12-25,81,App,57,1,concluído
4137,2025-06-02,134,Site,16,4,concluído
4138,2025-09-18,141,Marketplace,32,2,concluído
4139,2025-03-07,126,App,13,4,concluído
4140,2026-07-08,165,App,22,2,concluído
4141,2026-03-28,202,App,50,3,concluído
4142,2025-06-22,279,App,3,3,concluído
4143,2026-02-09,122,Marketplace,29,4,concluído
4144,2026-02-12,339,Site,36,1,concluído
4145,2026-01-01,192,Site,35,3,concluído
4146,2025-02-02,289,Marketplace,23,2,concluído
4147,2026-06-12,46,App,23,2,concluído
4148,2026-07-28,70,Marketplace,55,4,concluído
4149,2026-08-08,182,App,15,1,concluído
4150,2026-08-12,147,App,29,3,concluído
4151,2026-07-12,199,App,22,2,concluído
4152,2026-03-20,64,App,46,4,concluído
4153,2025-02-04,190,Site,49,1,concluído
4154,2025-10-07,275,Site,51,1,concluído
4155,2025-05-28,292,App,6,1,concluído
4156,2025-05-12,100,App,6,2,concluído
4157,2026-05-14,138,Site,23,1,concluído
4158,2026-05-03,211,App,27,3,concluído
4159,2025-11-10,208,Marketplace,4,1,concluído
4160,2026-03-18,317,Marketplace,54,2,concluído
4161,2025-03-19,157,Site,54,3,concluído
4162,2025-05-14,269,Site,26,3,concluído
4163,2026-06-01,354,Site,47,1,concluído
4164,2025-09-28,120,Site,34,1,concluído
4165,2025-11-24,330,Marketplace,40,2,concluído
4166,2025-10-05,134,Marketplace,53,3,concluído
4167,2025-05-02,134,Site,6,4,concluído
4168,2026-05-11,262,Site,14,1,concluído
4169,2026-03-31,249,Marketplace,26,1,concluído
4170,2026-02-15,220,App,54,3,concluído
4171,2025-07-31,93,Site,36,4,cancelado
4172,2026-01-21,39,Site,24,4,concluído
4173,2026-07-26,364,Site,2,3,concluído
4174,2026-01-25,350,App,36,1,concluído
4175,2025-10-24,355,App,17,3,concluído
4176,2025-06-12,206,App,20,2,concluído
4177,2025-11-10,354,Site,60,2,concluído
4178,2025-08-12,190,Marketplace,32,2,concluído
4179,2026-01-02,31,Marketplace,9,3,concluído
4180,2025-01-28,80,App,3,3,concluído
4181,2025-04-25,110,App,24,1,concluído
4182,2026-04-18,151,Marketplace,4,1,concluído
4183,2025-08-17,376,Site,26,1,concluído
4184,2025-09-17,134,Site,25,2,concluído
4185,2025-11-23,246,App,53,3,concluído
4186,2025-09-20,109,App,21,4,concluído
4187,2026-04-01,258,Marketplace,17,2,concluído
4188,2025-05-28,227,Site,37,3,concluído
4189,2026-04-01,61,App,39,4,concluído
4190,2025-05-06,185,Marketplace,3,3,concluído
4191,2025-08-11,43,Site,6,3,concluído
4192,2025-12-19,356,Marketplace,11,2,concluído
4193,2026-06-16,282,Site,47,1,concluído
4194,2025-05-20,377,Site,13,4,concluído
4195,2025-12-19,351,Marketplace,60,3,concluído
4196,2025-02-08,88,Marketplace,27,1,concluído
4197,2025-02-15,283,Marketplace,57,2,concluído
4198,2026-04-06,41,Marketplace,15,1,concluído
4199,2026-03-08,385,Site,26,4,concluído
4200,2025-08-14,315,App,9,3,concluído
4201,2026-01-09,273,App,51,4,concluído
4202,2025-08-17,398,Marketplace,36,2,concluído
4203,2025-06-16,339,App,5,1,concluído
4204,2025-09-16,346,Marketplace,45,3,concluído
4205,2025-07-07,41,Marketplace,54,3,concluído
4206,2026-05-05,10,Marketplace,42,1,concluído
4207,2025-09-05,385,Marketplace,49,3,concluído
4208,2025-07-12,101,Site,17,1,concluído
4209,2025-11-18,171,Site,26,3,concluído
4210,2026-03-31,18,Marketplace,52,3,concluído
4211,2025-06-14,250,App,37,1,concluído
4212,2026-07-18,329,App,37,2,concluído
4213,2025-10-06,337,Marketplace,47,1,concluído
4214,2026-02-01,233,Site,37,3,concluído
4215,2026-07-29,265,Site,8,1,concluído
4216,2025-09-17,206,App,13,3,concluído
4217,2025-04-30,179,Site,47,2,concluído
4218,2026-03-25,222,Marketplace,15,1,concluído
4219,2025-01-04,375,Site,40,4,concluído
4220,2025-10-02,101,Site,29,3,concluído
4221,2026-08-11,189,Site,38,2,concluído
4222,2025-09-06,241,Marketplace,15,4,concluído
4223,2026-02-15,229,Marketplace,19,3,concluído
4224,2025-11-12,13,Site,42,4,concluído
4225,2025-05-09,115,Site,11,1,concluído
4226,2025-07-10,259,App,19,1,concluído
4227,2025-11-11,278,Site,60,1,concluído
4228,2025-03-04,294,App,10,3,concluído
4229,2025-09-06,397,Site,35,4,concluído
4230,2025-09-06,270,Site,10,4,concluído
4231,2026-05-16,232,App,43,4,concluído
4232,2025-03-16,133,App,8,3,concluído
4233,2026-05-21,149,App,35,3,concluído
4234,2025-09-04,331,App,27,2,concluído
4235,2026-01-26,188,Site,42,1,concluído
4236,2025-12-01,287,App,1,1,concluído
4237,2025-06-29,50,App,31,1,concluído
4238,2026-07-13,52,Marketplace,33,3,concluído
4239,2025-05-15,87,App,15,3,concluído
4240,2025-01-22,79,Marketplace,18,4,concluído
4241,2026-03-27,243,Site,43,1,concluído
4242,2026-01-08,255,Site,34,4,concluído
4243,2026-06-19,224,Site,35,3,concluído
4244,2025-10-02,116,App,57,4,concluído
4245,2025-01-11,231,Marketplace,25,3,concluído
4246,2025-01-13,48,Marketplace,53,2,concluído
4247,2025-09-17,190,App,59,3,concluído
4248,2025-05-30,62,Marketplace,35,3,concluído
4249,2026-07-08,31,Site,13,1,concluído
4250,2025-03-13,67,Marketplace,26,1,concluído
4251,2026-06-13,45,Marketplace,3,3,concluído
4252,2025-05-11,192,App,42,1,concluído
4253,2025-03-13,219,Marketplace,17,1,concluído
4254,2025-06-14,243,Marketplace,56,1,concluído
4255,2025-03-28,176,Site,40,3,concluído
4256,2025-08-29,71,App,30,4,cancelado
4257,2025-07-18,9,Marketplace,12,2,concluído
4258,2025-11-14,285,Site,6,1,concluído
4259,2025-11-19,394,App,41,3,concluído
4260,2025-01-01,113,Marketplace,46,2,concluído
4261,2025-03-16,82,Site,16,3,concluído
4262,2025-04-08,125,Marketplace,1,2,concluído
4263,2025-04-27,86,Site,20,3,concluído
4264,2025-02-26,90,App,46,2,concluído
4265,2025-07-08,198,Marketplace,35,4,concluído
4266,2025-11-26,315,Site,6,3,concluído
4267,2025-07-05,285,Site,7,2,concluído
4268,2025-07-17,384,Site,7,1,concluído
4269,2025-10-09,143,App,46,3,concluído
4270,2025-11-26,197,Site,47,2,concluído
4271,2025-07-18,153,Site,25,1,concluído
4272,2025-05-14,17,Marketplace,42,2,concluído
4273,2025-09-03,156,Marketplace,2,2,concluído
4274,2025-01-15,105,Marketplace,34,4,concluído
4275,2025-10-23,192,App,17,3,concluído
4276,2026-07-19,64,Site,50,3,concluído
4277,2025-08-27,297,App,30,3,concluído
4278,2025-03-06,338,Marketplace,52,4,concluído
4279,2026-03-01,385,Site,34,1,concluído
4280,2025-03-18,34,Marketplace,28,2,concluído
4281,2025-04-27,48,App,57,3,cancelado
4282,2025-03-29,387,App,60,1,concluído
4283,2026-06-15,340,Marketplace,28,2,concluído
4284,2026-08-12,236,Site,22,2,concluído
4285,2025-12-08,129,Marketplace,39,4,concluído
4286,2026-01-06,208,Marketplace,11,4,concluído
4287,2026-01-23,215,Site,24,1,cancelado
4288,2026-01-02,339,Site,51,1,concluído
4289,2025-11-23,212,Site,54,4,concluído
4290,2026-08-16,12,Marketplace,25,1,concluído
4291,2026-03-16,280,Marketplace,24,2,concluído
4292,2025-02-23,311,App,53,4,concluído
4293,2025-08-24,120,Site,13,4,concluído
4294,2026-08-08,47,App,4,4,concluído
4295,2025-08-31,57,Site,5,1,concluído
4296,2025-05-03,337,Marketplace,7,1,concluído
4297,2026-06-06,180,Marketplace,53,1,concluído
4298,2026-01-09,212,Site,3,4,concluído
4299,2025-12-04,385,App,20,1,concluído
4300,2025-09-10,25,App,37,2,concluído
4301,2025-03-16,83,App,37,4,concluído
4302,2025-08-19,334,App,50,2,cancelado
4303,2025-09-20,217,Marketplace,59,4,concluído
4304,2026-07-13,11,Site,25,2,concluído
4305,2025-07-04,282,App,14,2,concluído
4306,2025-03-31,56,Site,6,4,concluído
4307,2025-09-14,313,App,54,3,concluído
4308,2026-08-22,320,App,23,1,concluído
4309,2025-10-17,330,Marketplace,54,3,concluído
4310,2025-08-16,186,App,21,4,concluído
4311,2026-02-05,108,Site,46,4,concluído
4312,2026-01-25,353,Site,39,1,concluído
4313,2025-06-29,224,App,43,1,concluído
4314,2026-08-04,255,App,40,3,concluído
4315,2025-12-22,55,App,19,3,concluído
4316,2025-02-04,250,App,7,3,concluído
4317,2025-09-02,233,Marketplace,1,2,concluído
4318,2026-07-08,117,Site,26,4,concluído
4319,2025-08-25,307,Site,54,3,concluído
4320,2025-12-07,54,App,39,4,concluído
4321,2026-01-03,288,Marketplace,41,2,concluído
4322,2026-02-27,385,App,16,4,cancelado
4323,2026-06-08,227,Marketplace,30,1,concluído
4324,2025-03-31,42,App,25,3,concluído
4325,2025-11-07,222,Marketplace,9,3,concluído
4326,2025-11-17,212,App,37,2,cancelado
4327,2025-04-02,221,App,22,1,concluído
4328,2026-02-09,110,Site,25,4,cancelado
4329,2025-03-12,251,App,36,1,concluído
4330,2025-10-01,106,Marketplace,2,2,concluído
4331,2025-07-18,224,Site,57,1,concluído
4332,2025-04-03,238,Site,14,2,concluído
4333,2026-05-09,259,App,41,4,concluído
4334,2025-05-27,320,Site,47,3,concluído
4335,2025-06-03,354,App,10,1,concluído
4336,2026-05-28,311,Marketplace,15,2,concluído
4337,2026-06-11,319,Site,25,1,concluído
4338,2025-01-21,348,Site,50,3,concluído
4339,2025-06-16,97,Marketplace,39,1,concluído
4340,2026-03-02,118,Site,29,2,concluído
4341,2026-04-12,214,Site,51,1,concluído
4342,2026-08-23,187,App,29,1,concluído
4343,2025-11-29,281,Site,54,1,concluído
4344,2025-01-05,4,App,47,4,concluído
4345,2026-06-09,56,App,11,4,concluído
4346,2025-04-07,299,Marketplace,23,4,concluído
4347,2025-03-14,329,App,2,3,concluído
4348,2026-02-09,121,Site,15,2,concluído
4349,2025-12-29,125,App,2,1,concluído
4350,2025-02-05,225,Site,7,4,concluído
4351,2025-04-12,191,Marketplace,1,4,concluído
4352,2025-12-20,68,App,41,2,concluído
4353,2025-06-03,201,Site,25,1,concluído
4354,2026-02-15,328,Site,29,2,concluído
4355,2025-09-05,292,Marketplace,46,2,concluído
4356,2025-12-19,327,App,49,4,concluído
4357,2025-10-12,258,Marketplace,32,1,concluído
4358,2025-08-08,351,Site,28,3,concluído
4359,2025-07-25,100,Site,39,4,concluído
4360,2026-02-23,19,App,25,4,concluído
4361,2025-11-05,46,App,27,1,concluído
4362,2025-12-23,397,Site,18,2,concluído
4363,2025-12-13,257,App,12,2,concluído
4364,2025-05-05,100,Site,12,2,concluído
4365,2026-07-02,342,Site,40,1,concluído
4366,2025-12-04,124,Site,50,1,cancelado
4367,2026-03-07,239,App,26,1,concluído
4368,2026-06-14,100,App,6,4,concluído
4369,2026-07-09,38,Site,37,2,concluído
4370,2026-02-05,108,Site,55,1,concluído
4371,2026-04-18,92,Marketplace,32,4,cancelado
4372,2025-10-11,222,Site,2,2,concluído
4373,2026-03-19,9,Site,5,2,concluído
4374,2025-07-12,96,App,32,1,concluído
4375,2026-03-04,228,Marketplace,52,2,concluído
4376,2025-02-21,158,App,4,3,concluído
4377,2026-07-03,255,App,46,3,concluído
4378,2025-05-27,263,App,47,2,concluído
4379,2026-01-29,387,App,4,3,concluído
4380,2025-01-07,335,Marketplace,13,4,concluído
4381,2025-04-04,92,App,1,4,concluído
4382,2026-08-15,278,App,34,3,concluído
4383,2026-05-16,251,App,11,1,concluído
4384,2025-05-14,238,Marketplace,55,1,concluído
4385,2025-03-20,320,Marketplace,6,1,concluído
4386,2026-05-04,60,Marketplace,39,1,concluído
4387,2026-08-18,151,Marketplace,48,3,concluído
4388,2025-04-12,327,Marketplace,11,1,concluído
4389,2026-02-03,357,Site,16,1,concluído
4390,2025-06-20,15,App,48,3,concluído
4391,2026-03-23,189,App,6,2,concluído
4392,2025-09-08,106,App,27,4,concluído
4393,2025-03-17,68,Site,16,1,concluído
4394,2025-07-14,23,App,1,2,concluído
4395,2025-11-20,216,App,28,1,concluído
4396,2026-04-25,267,Site,30,3,concluído
4397,2025-01-13,213,App,21,1,concluído
4398,2026-07-29,148,App,49,1,concluído
4399,2026-01-25,309,App,6,3,concluído
4400,2026-06-10,261,Site,26,4,concluído
4401,2026-07-13,364,App,11,3,concluído
4402,2025-04-03,139,App,46,4,cancelado
4403,2025-02-26,96,App,34,4,concluído
4404,2026-04-12,183,Marketplace,43,4,concluído
4405,2025-04-23,203,App,7,4,concluído
4406,2025-03-30,184,App,28,1,concluído
4407,2025-10-09,333,Marketplace,4,1,concluído
4408,2026-07-03,19,Marketplace,20,2,concluído
4409,2026-04-23,212,App,57,3,concluído
4410,2025-11-07,173,App,44,4,concluído
4411,2025-04-28,85,App,5,1,concluído
4412,2025-07-21,257,Site,23,1,concluído
4413,2026-02-18,321,App,53,2,concluído
4414,2025-04-05,219,Marketplace,11,3,concluído
4415,2025-11-11,34,Marketplace,46,4,concluído
4416,2025-01-08,31,Site,20,4,concluído
4417,2025-07-15,169,App,29,3,concluído
4418,2025-05-29,268,Marketplace,53,4,concluído
4419,2026-02-13,126,Site,41,2,concluído
4420,2026-07-03,124,Marketplace,18,3,concluído
4421,2025-03-29,345,App,1,1,concluído
4422,2026-04-24,6,Site,15,3,concluído
4423,2026-01-29,32,Marketplace,26,2,concluído
4424,2026-08-05,63,Marketplace,9,4,concluído
4425,2026-07-01,394,Site,53,2,concluído
4426,2025-03-02,200,Site,4,2,concluído
4427,2026-03-22,64,Site,33,2,concluído
4428,2025-12-22,125,Site,59,4,concluído
4429,2025-03-09,388,Marketplace,21,4,concluído
4430,2025-06-04,278,Site,33,2,concluído
4431,2026-07-11,90,App,5,4,concluído
4432,2025-11-22,97,App,44,4,concluído
4433,2025-07-23,30,Site,59,4,concluído
4434,2025-07-12,310,Marketplace,47,4,concluído
4435,2026-05-18,55,App,9,2,concluído
4436,2025-06-20,115,App,22,3,concluído
4437,2025-04-06,140,Marketplace,44,2,concluído
4438,2025-12-11,249,Site,48,2,concluído
4439,2026-08-19,243,App,25,2,concluído
4440,2025-04-20,320,App,58,1,cancelado
4441,2025-06-03,119,Site,13,1,concluído
4442,2025-10-09,155,App,45,4,concluído
4443,2025-04-30,156,Site,30,1,concluído
4444,2026-01-26,19,Site,43,3,concluído
4445,2025-06-02,296,Site,36,4,concluído
4446,2025-03-18,215,Site,26,2,concluído
4447,2025-06-06,191,App,49,2,concluído
4448,2026-07-13,399,App,51,4,concluído
4449,2026-07-15,72,App,50,4,concluído
4450,2025-10-31,388,App,6,4,concluído
4451,2025-08-29,273,Site,26,3,concluído
4452,2026-05-07,89,App,45,4,concluído
4453,2025-04-27,272,Site,53,2,concluído
4454,2026-01-28,303,App,22,3,concluído
4455,2026-02-13,145,App,45,3,concluído
4456,2026-03-03,138,App,34,4,concluído
4457,2025-05-11,335,Site,14,2,concluído
4458,2026-03-06,65,Site,54,4,concluído
4459,2026-01-03,6,Marketplace,27,3,cancelado
4460,2026-06-10,267,App,37,1,concluído
4461,2025-04-15,363,Site,18,3,concluído
4462,2026-01-04,201,Marketplace,2,4,concluído
4463,2026-05-13,54,App,28,2,concluído
4464,2025-06-16,216,App,44,3,concluído
4465,2026-03-23,101,App,20,4,concluído
4466,2025-03-01,331,App,56,4,concluído
4467,2026-03-07,245,Marketplace,46,2,concluído
4468,2025-12-30,135,App,39,4,concluído
4469,2025-04-26,250,Site,49,3,cancelado
4470,2025-02-09,267,Marketplace,52,3,concluído
4471,2026-03-24,272,App,44,3,concluído
4472,2025-05-25,147,Site,50,2,cancelado
4473,2025-10-26,229,App,43,2,concluído
4474,2025-02-06,18,Site,52,1,concluído
4475,2026-08-02,162,App,7,4,concluído
4476,2025-11-26,152,App,21,2,concluído
4477,2026-07-13,214,App,54,3,concluído
4478,2025-04-07,381,Site,29,3,concluído
4479,2025-05-04,382,Site,1,3,concluído
4480,2026-01-02,194,Site,51,4,concluído
4481,2025-12-29,259,App,40,4,concluído
4482,2026-04-20,44,Marketplace,55,1,concluído
4483,2026-07-11,193,App,1,4,cancelado
4484,2026-05-09,276,Marketplace,9,1,concluído
4485,2025-03-26,274,Site,31,3,concluído
4486,2025-07-05,386,Site,11,3,concluído
4487,2026-07-03,187,Site,32,1,concluído
4488,2025-11-26,364,Marketplace,21,2,concluído
4489,2026-06-05,392,Site,13,4,concluído
4490,2025-12-04,229,App,47,1,concluído
4491,2025-01-30,37,Marketplace,3,1,cancelado
4492,2025-10-11,151,App,53,1,concluído
4493,2026-05-10,306,Site,10,1,concluído
4494,2026-01-29,233,Site,35,3,concluído
4495,2025-03-21,375,Marketplace,60,4,concluído
4496,2025-05-07,327,Site,7,3,concluído
4497,2026-05-28,26,App,56,2,concluído
4498,2026-08-11,345,Site,19,4,concluído
4499,2026-03-28,143,App,45,2,concluído
4500,2025-02-28,328,Site,52,2,concluído
4501,2026-01-07,204,Site,14,3,concluído
4502,2026-05-13,183,Marketplace,21,1,cancelado
4503,2026-01-20,29,App,52,2,concluído
4504,2025-12-23,48,App,7,4,concluído
4505,2025-10-08,239,Site,7,3,concluído
4506,2025-05-27,228,App,19,4,concluído
4507,2025-06-18,222,App,37,4,concluído
4508,2026-03-24,63,App,49,2,concluído
4509,2025-02-11,204,Site,34,4,concluído
4510,2025-02-20,25,App,30,4,concluído
4511,2025-08-26,58,Site,53,3,concluído
4512,2026-04-10,200,Marketplace,11,4,concluído
4513,2026-01-30,247,Site,55,3,concluído
4514,2025-12-20,263,App,19,4,concluído
4515,2025-11-17,393,App,17,1,concluído
4516,2025-03-08,342,App,58,2,concluído
4517,2025-07-19,152,Site,39,2,concluído
4518,2025-02-17,314,Site,26,1,concluído
4519,2026-03-31,39,App,20,3,concluído
4520,2026-03-27,343,App,27,1,cancelado
4521,2025-06-04,155,App,48,1,concluído
4522,2025-06-25,305,App,10,4,concluído
4523,2025-07-10,389,Marketplace,11,1,concluído
4524,2026-06-18,282,App,19,4,concluído
4525,2025-10-21,369,App,29,1,concluído
4526,2026-04-03,5,App,49,2,concluído
4527,2025-09-27,69,App,13,1,concluído
4528,2026-02-23,251,App,48,1,concluído
4529,2025-11-13,217,Site,55,4,concluído
4530,2025-06-17,49,App,27,1,concluído
4531,2026-06-10,288,App,58,4,concluído
4532,2026-03-02,24,Site,54,3,concluído
4533,2026-04-07,397,Site,48,2,concluído
4534,2026-07-23,63,App,23,4,concluído
4535,2025-05-30,179,Marketplace,19,2,concluído
4536,2025-02-24,330,App,52,2,concluído
4537,2025-12-16,206,Marketplace,27,2,concluído
4538,2025-07-15,298,Marketplace,2,3,concluído
4539,2025-09-19,282,Site,44,4,concluído
4540,2025-05-21,380,App,21,3,concluído
4541,2025-08-28,186,Marketplace,57,2,concluído
4542,2025-08-24,392,App,52,4,concluído
4543,2025-07-30,207,App,7,3,concluído
4544,2026-03-22,358,Site,55,4,concluído
4545,2025-12-22,294,Site,57,2,concluído
4546,2025-10-12,54,Marketplace,46,1,concluído
4547,2025-03-09,258,Site,17,4,concluído
4548,2025-12-09,352,Marketplace,41,3,concluído
4549,2025-04-16,52,Site,53,2,concluído
4550,2025-07-08,336,Site,49,4,cancelado
4551,2025-09-06,43,Site,26,1,concluído
4552,2025-03-26,349,Marketplace,43,4,cancelado
4553,2025-08-22,316,Marketplace,24,3,concluído
4554,2025-06-10,61,Marketplace,16,3,concluído
4555,2026-05-25,291,Marketplace,41,1,concluído
4556,2026-05-31,47,Site,28,1,concluído
4557,2025-01-03,228,App,14,3,concluído
4558,2025-12-28,370,Marketplace,40,3,concluído
4559,2026-01-20,83,App,20,1,cancelado
4560,2025-08-15,70,App,36,3,concluído
4561,2025-10-09,170,Site,22,3,concluído
4562,2026-04-19,148,Site,54,2,concluído
4563,2025-08-15,20,Site,52,3,concluído
4564,2025-02-08,183,App,29,4,concluído
4565,2025-08-12,104,App,43,2,concluído
4566,2025-06-02,50,App,11,1,concluído
4567,2025-08-18,111,App,60,4,concluído
4568,2025-05-19,9,App,13,4,concluído
4569,2025-03-31,367,Site,53,2,concluído
4570,2026-08-15,398,App,51,2,concluído
4571,2025-03-19,148,App,11,4,concluído
4572,2026-02-28,351,App,1,1,concluído
4573,2026-03-07,185,Site,45,2,concluído
4574,2026-01-06,365,Marketplace,53,3,concluído
4575,2026-07-01,70,App,43,3,concluído
4576,2025-01-03,114,App,4,3,concluído
4577,2025-06-30,296,Site,39,2,cancelado
4578,2025-04-21,89,App,24,4,concluído
4579,2025-12-13,330,Marketplace,55,3,concluído
4580,2026-01-17,171,Marketplace,49,3,concluído
4581,2026-06-23,162,Site,48,4,concluído
4582,2025-08-16,182,Marketplace,25,1,concluído
4583,2025-05-22,320,Site,20,3,concluído
4584,2026-07-09,3,Site,50,4,concluído
4585,2026-02-08,301,App,7,3,concluído
4586,2026-04-04,312,App,7,3,concluído
4587,2025-09-24,329,App,4,2,concluído
4588,2025-09-26,399,Site,31,2,concluído
4589,2025-08-22,313,Site,5,3,concluído
4590,2026-03-26,212,App,35,4,concluído
4591,2025-05-07,187,Site,11,2,concluído
4592,2026-08-09,156,App,54,1,concluído
4593,2025-04-16,331,App,26,2,concluído
4594,2025-10-04,158,App,6,1,concluído
4595,2025-07-08,230,Site,42,4,concluído
4596,2026-01-21,39,Site,21,3,concluído
4597,2026-02-13,127,Site,16,1,concluído
4598,2026-07-06,107,App,40,3,cancelado
4599,2026-04-19,175,Site,58,3,concluído
4600,2025-05-30,201,Marketplace,59,3,concluído
4601,2025-05-04,287,App,27,3,concluído
4602,2026-06-16,173,Site,51,4,concluído
4603,2025-10-20,61,App,13,4,concluído
4604,2025-02-28,219,App,51,2,concluído
4605,2026-05-10,22,Site,57,1,concluído
4606,2026-01-25,340,App,32,4,concluído
4607,2025-01-16,309,Site,32,3,concluído
4608,2026-04-15,91,Marketplace,34,1,concluído
4609,2025-12-31,106,App,5,3,concluído
4610,2026-01-04,12,App,52,1,concluído
4611,2026-06-03,146,Marketplace,45,1,concluído
4612,2025-10-25,16,Site,53,1,cancelado
4613,2025-10-04,375,Marketplace,7,2,concluído
4614,2026-01-06,54,App,49,1,concluído
4615,2025-04-29,264,Site,22,4,concluído
4616,2025-04-01,229,Marketplace,50,2,concluído
4617,2026-05-22,95,App,60,3,cancelado
4618,2025-05-10,324,Marketplace,53,4,concluído
4619,2025-10-30,44,Site,55,4,concluído
4620,2025-06-11,355,Marketplace,7,4,concluído
4621,2025-05-19,297,App,20,1,concluído
4622,2025-12-25,255,Site,18,3,concluído
4623,2026-04-27,352,App,31,4,concluído
4624,2025-09-23,162,Marketplace,59,1,concluído
4625,2025-03-25,113,App,42,4,concluído
4626,2025-05-27,62,App,33,4,concluído
4627,2025-04-09,370,Marketplace,49,4,concluído
4628,2026-06-14,161,App,11,2,concluído
4629,2025-07-11,332,Site,40,1,concluído
4630,2025-08-13,133,App,31,3,concluído
4631,2025-02-12,382,Site,13,3,concluído
4632,2025-09-25,349,App,39,3,concluído
4633,2026-07-03,124,Site,51,2,concluído
4634,2025-09-03,195,Site,50,1,concluído
4635,2026-01-26,318,App,51,4,cancelado
4636,2025-04-20,91,App,49,3,concluído
4637,2025-03-27,10,App,29,4,concluído
4638,2026-03-15,116,Site,3,4,concluído
4639,2025-02-09,237,App,58,2,concluído
4640,2025-09-27,55,App,28,2,concluído
4641,2025-07-10,134,App,38,4,concluído
4642,2025-01-10,368,Site,2,3,concluído
4643,2025-11-15,31,Site,54,3,concluído
4644,2026-08-02,21,Site,54,4,concluído
4645,2025-02-11,170,Marketplace,56,1,concluído
4646,2026-05-05,6,Site,11,2,concluído
4647,2025-11-20,12,Marketplace,51,1,concluído
4648,2026-03-11,74,Site,38,2,concluído
4649,2025-02-27,41,App,9,2,concluído
4650,2026-06-06,325,Marketplace,35,2,concluído
4651,2025-01-07,50,Marketplace,29,1,concluído
4652,2026-06-29,210,Site,38,4,concluído
4653,2026-01-30,283,App,6,2,concluído
4654,2025-07-22,251,App,34,2,cancelado
4655,2025-01-05,262,Site,41,4,concluído
4656,2026-01-02,144,Site,43,2,concluído
4657,2025-02-22,356,Site,47,4,concluído
4658,2026-01-01,28,App,38,1,concluído
4659,2026-04-09,43,Site,43,4,concluído
4660,2025-06-10,343,App,6,4,concluído
4661,2025-05-24,28,App,48,4,concluído
4662,2025-05-14,77,App,23,4,concluído
4663,2025-05-15,70,Marketplace,33,3,concluído
4664,2025-03-10,14,Site,33,3,concluído
4665,2025-05-30,47,Marketplace,59,4,concluído
4666,2026-01-31,230,Site,20,4,concluído
4667,2025-07-01,265,Marketplace,24,3,concluído
4668,2026-04-14,34,Site,46,3,concluído
4669,2026-05-07,377,Marketplace,39,1,concluído
4670,2026-04-02,39,Marketplace,20,4,concluído
4671,2025-11-20,275,Site,21,4,concluído
4672,2025-07-09,321,App,50,1,concluído
4673,2026-07-12,209,Site,51,2,concluído
4674,2025-05-04,197,App,9,1,concluído
4675,2025-10-06,44,App,24,2,cancelado
4676,2025-09-30,97,Site,47,4,concluído
4677,2026-03-24,341,Marketplace,8,2,concluído
4678,2025-11-25,140,App,12,2,concluído
4679,2026-04-25,14,App,10,4,concluído
4680,2026-07-06,292,Marketplace,32,2,concluído
4681,2025-08-23,274,App,28,4,concluído
4682,2026-06-09,27,App,20,4,concluído
4683,2025-04-12,21,Site,9,2,concluído
4684,2026-07-04,47,Marketplace,39,3,concluído
4685,2025-04-17,21,Site,49,2,concluído
4686,2026-05-26,247,Site,13,2,concluído
4687,2025-08-23,54,App,40,4,concluído
4688,2026-08-02,243,App,48,2,concluído
4689,2025-03-19,71,Marketplace,34,1,concluído
4690,2025-10-07,389,Marketplace,35,2,concluído
4691,2026-06-26,291,App,11,3,concluído
4692,2025-01-29,150,App,58,1,concluído
4693,2025-06-09,172,App,58,3,cancelado
4694,2025-02-20,27,App,43,1,concluído
4695,2025-07-12,22,App,55,1,concluído
4696,2025-08-23,216,App,37,3,concluído
4697,2026-01-07,10,Marketplace,40,1,concluído
4698,2025-06-04,256,App,50,4,concluído
4699,2025-04-06,153,Site,3,1,concluído
4700,2025-04-12,56,Site,14,2,concluído
4701,2026-07-18,215,Marketplace,13,1,concluído
4702,2026-07-26,222,Marketplace,38,2,concluído
4703,2025-05-13,299,App,15,4,concluído
4704,2025-04-28,80,App,24,3,concluído
4705,2025-02-02,219,Site,30,3,concluído
4706,2026-07-30,338,App,45,1,concluído
4707,2026-02-28,108,App,32,2,concluído
4708,2026-04-02,335,App,2,2,concluído
4709,2025-06-24,290,Marketplace,42,3,concluído
4710,2026-01-20,172,App,26,1,concluído
4711,2025-02-05,354,Site,7,4,concluído
4712,2026-02-10,387,Site,40,3,cancelado
4713,2025-12-14,95,Site,17,2,concluído
4714,2025-07-18,392,App,28,1,concluído
4715,2026-03-03,1,Marketplace,59,3,concluído
4716,2026-01-23,52,Site,15,2,concluído
4717,2025-09-21,18,Site,54,3,concluído
4718,2025-04-23,148,App,28,3,concluído
4719,2025-01-15,375,Marketplace,56,3,concluído
4720,2026-07-17,241,Marketplace,51,4,concluído
4721,2025-06-18,247,App,50,3,concluído
4722,2025-07-01,34,App,13,3,concluído
4723,2026-02-13,207,App,48,2,cancelado
4724,2025-06-03,154,App,23,4,concluído
4725,2025-08-14,192,App,55,2,concluído
4726,2026-03-03,105,App,60,3,concluído
4727,2025-12-24,81,App,37,4,concluído
4728,2026-01-29,381,Marketplace,55,2,concluído
4729,2025-01-03,224,Marketplace,32,1,concluído
4730,2025-09-28,165,Marketplace,3,1,concluído
4731,2025-10-13,30,Site,53,1,concluído
4732,2026-01-15,306,Site,32,1,concluído
4733,2025-04-01,190,App,3,3,cancelado
4734,2025-04-06,155,Site,4,2,concluído
4735,2026-04-03,267,App,44,1,concluído
4736,2026-02-08,53,Site,56,1,concluído
4737,2026-05-02,214,Marketplace,42,2,concluído
4738,2025-06-12,346,Marketplace,27,2,concluído
4739,2026-08-22,186,App,19,4,concluído
4740,2025-06-13,1,Site,26,3,concluído
4741,2026-01-26,92,App,20,3,concluído
4742,2025-04-08,23,App,17,3,concluído
4743,2026-07-06,201,App,8,4,concluído
4744,2025-07-19,146,App,35,2,cancelado
4745,2026-04-27,53,Site,14,1,concluído
4746,2025-07-18,275,App,9,3,concluído
4747,2026-04-20,71,App,17,1,concluído
4748,2025-09-30,137,Marketplace,48,1,concluído
4749,2025-02-07,396,Site,35,4,concluído
4750,2025-04-25,27,App,30,3,concluído
4751,2026-02-15,100,Site,36,3,concluído
4752,2025-04-26,128,Site,34,3,concluído
4753,2025-06-15,204,Site,30,3,concluído
4754,2025-11-22,98,Site,51,2,concluído
4755,2025-06-01,389,Marketplace,44,1,cancelado
4756,2025-03-19,3,App,12,2,concluído
4757,2026-01-10,380,Site,50,4,concluído
4758,2026-02-18,214,App,11,4,concluído
4759,2026-03-16,16,Marketplace,5,1,concluído
4760,2026-07-21,47,App,26,3,concluído
4761,2025-03-16,42,App,24,2,concluído
4762,2025-09-14,115,Marketplace,48,3,concluído
4763,2025-05-21,134,Site,42,1,concluído
4764,2026-06-25,257,App,4,1,concluído
4765,2025-11-20,125,App,30,1,concluído
4766,2025-02-28,291,App,48,1,concluído
4767,2026-02-20,118,Marketplace,44,1,concluído
4768,2025-01-26,106,Site,31,2,concluído
4769,2025-06-14,111,App,37,3,concluído
4770,2026-03-09,132,Site,34,4,concluído
4771,2025-10-31,336,Site,14,3,concluído
4772,2026-04-02,99,App,34,1,concluído
4773,2025-12-09,110,Marketplace,41,2,concluído
4774,2026-05-21,383,App,4,2,concluído
4775,2025-12-04,262,Marketplace,42,1,cancelado
4776,2025-02-04,77,Marketplace,15,4,concluído
4777,2025-02-12,348,App,1,3,concluído
4778,2026-04-12,74,Site,46,2,concluído
4779,2025-01-24,65,Marketplace,24,2,concluído
4780,2025-08-14,179,Site,25,2,concluído
4781,2025-01-10,277,Site,38,2,concluído
4782,2025-07-02,76,App,34,3,concluído
4783,2025-12-24,302,App,38,4,concluído
4784,2025-04-14,63,Site,57,2,concluído
4785,2025-10-07,313,App,40,1,concluído
4786,2026-08-21,39,App,3,4,concluído
4787,2025-02-12,186,Site,14,2,concluído
4788,2025-02-08,257,App,27,1,concluído
4789,2025-06-12,107,Marketplace,29,3,concluído
4790,2026-05-12,245,Marketplace,22,4,concluído
4791,2025-09-01,276,Marketplace,12,2,cancelado
4792,2026-01-19,261,App,7,2,concluído
4793,2025-01-21,159,Site,9,2,concluído
4794,2026-03-18,310,Marketplace,58,4,concluído
4795,2025-02-10,293,App,24,4,concluído
4796,2026-03-04,131,Site,58,4,concluído
4797,2025-03-30,294,Site,21,1,concluído
4798,2026-05-31,368,App,19,4,concluído
4799,2025-06-27,327,App,30,2,concluído
4800,2025-04-21,294,Site,57,4,concluído
4801,2025-07-22,307,App,34,4,concluído
4802,2025-01-01,322,Marketplace,3,3,concluído
4803,2025-04-10,116,Site,17,4,concluído
4804,2025-12-26,289,App,59,1,concluído
4805,2025-06-30,80,Site,10,3,concluído
4806,2025-08-01,144,Site,51,1,cancelado
4807,2026-04-30,374,App,56,3,concluído
4808,2025-03-16,114,Marketplace,13,2,concluído
4809,2025-08-26,338,Site,34,4,concluído
4810,2025-04-22,170,Site,36,2,concluído
4811,2025-10-17,84,Marketplace,48,4,concluído
4812,2025-07-19,39,Site,48,2,concluído
4813,2025-01-28,220,Site,4,1,concluído
4814,2025-02-12,181,App,20,3,concluído
4815,2026-05-27,205,App,57,1,concluído
4816,2025-02-04,18,Site,22,3,concluído
4817,2026-04-15,108,Site,15,2,concluído
4818,2026-07-04,2,Site,38,4,concluído
4819,2025-10-07,121,Site,12,2,concluído
4820,2025-07-07,373,Site,9,2,concluído
4821,2026-04-11,61,Marketplace,48,3,cancelado
4822,2026-08-13,276,Marketplace,8,4,concluído
4823,2025-03-14,3,App,54,1,concluído
4824,2026-08-02,225,Marketplace,15,3,concluído
4825,2026-07-21,369,Marketplace,7,2,concluído
4826,2025-03-27,137,App,45,4,concluído
4827,2025-02-02,79,App,11,3,concluído
4828,2026-03-05,229,App,22,4,concluído
4829,2025-02-16,112,Site,22,2,concluído
4830,2025-12-27,357,Site,31,2,concluído
4831,2025-02-08,340,Site,29,4,concluído
4832,2026-02-19,261,Marketplace,12,1,concluído
4833,2025-05-20,256,App,15,3,concluído
4834,2025-02-27,241,App,12,4,concluído
4835,2025-02-09,295,Marketplace,4,4,concluído
4836,2025-04-24,185,Marketplace,40,3,concluído
4837,2025-11-21,388,Marketplace,29,2,concluído
4838,2025-02-15,139,App,7,4,concluído
4839,2026-04-27,4,App,20,1,concluído
4840,2025-12-29,280,App,41,4,concluído
4841,2025-06-28,265,Site,18,1,concluído
4842,2026-08-15,393,App,25,3,concluído
4843,2026-01-31,159,Marketplace,45,2,concluído
4844,2026-02-08,170,Site,41,4,concluído
4845,2025-04-15,225,Site,43,3,concluído
4846,2026-03-03,157,App,23,4,concluído
4847,2025-12-02,314,App,30,4,concluído
4848,2026-08-14,172,Site,51,4,concluído
4849,2025-10-14,314,Site,53,1,concluído
4850,2026-02-11,171,App,4,2,concluído
4851,2025-07-24,91,Marketplace,51,2,cancelado
4852,2025-01-25,397,App,54,1,concluído
4853,2025-03-18,211,App,57,1,concluído
4854,2026-06-05,283,Marketplace,17,1,concluído
4855,2026-03-19,237,App,31,4,concluído
4856,2025-08-07,144,App,3,2,concluído
4857,2026-02-23,389,Site,7,4,concluído
4858,2025-01-03,149,App,34,4,concluído
4859,2025-01-23,398,App,13,1,concluído
4860,2025-11-01,173,App,14,4,concluído
4861,2026-01-10,10,App,18,1,concluído
4862,2026-07-17,15,Site,28,2,concluído
4863,2026-04-01,390,App,10,4,concluído
4864,2025-06-04,212,Marketplace,49,2,concluído
4865,2026-05-05,156,Marketplace,41,4,concluído
4866,2025-10-22,325,App,48,3,concluído
4867,2026-05-11,247,App,56,1,concluído
4868,2025-04-15,265,App,37,4,concluído
4869,2025-01-16,275,App,22,1,concluído
4870,2025-02-04,80,App,59,3,concluído
4871,2026-08-18,36,Marketplace,34,2,concluído
4872,2025-02-18,292,App,28,1,concluído
4873,2026-07-18,9,Site,25,3,concluído
4874,2026-03-13,288,Site,3,2,concluído
4875,2025-03-29,52,Marketplace,58,1,concluído
4876,2026-06-03,106,App,50,3,concluído
4877,2025-03-28,284,App,42,1,concluído
4878,2025-03-27,250,Marketplace,14,3,concluído
4879,2025-12-12,313,App,56,1,concluído
4880,2025-06-22,245,Site,11,4,concluído
4881,2025-06-24,20,Site,15,4,concluído
4882,2025-04-28,336,Site,5,4,concluído
4883,2025-12-31,87,App,18,4,cancelado
4884,2025-01-17,55,App,20,1,concluído
4885,2025-05-28,352,Site,48,3,concluído
4886,2025-11-29,78,Site,20,1,concluído
4887,2025-10-19,215,Marketplace,58,1,concluído
4888,2026-02-24,195,Site,19,2,concluído
4889,2025-05-10,308,Marketplace,32,2,concluído
4890,2026-01-24,18,Marketplace,36,2,concluído
4891,2026-04-01,43,Site,50,1,concluído
4892,2025-08-21,167,App,46,2,cancelado
4893,2025-06-04,190,Site,53,1,cancelado
4894,2025-11-30,316,Site,57,1,concluído
4895,2025-12-14,243,Site,8,2,concluído
4896,2025-02-26,60,App,6,1,concluído
4897,2025-12-06,392,Site,27,4,concluído
4898,2025-04-03,184,App,10,4,cancelado
4899,2025-12-08,386,App,30,4,concluído
4900,2026-07-14,396,Marketplace,36,1,concluído
4901,2025-11-19,21,Site,17,2,concluído
4902,2026-04-02,203,Site,6,4,concluído
4903,2025-07-05,169,Site,58,3,concluído
4904,2026-07-08,200,Site,23,2,concluído
4905,2026-05-03,124,App,51,4,concluído
4906,2026-07-05,224,Site,38,2,concluído
4907,2026-03-21,197,App,40,4,concluído
4908,2026-01-25,75,Site,47,1,concluído
4909,2025-11-12,116,App,16,3,concluído
4910,2026-07-11,59,Marketplace,14,1,concluído
4911,2026-05-24,338,Marketplace,60,4,cancelado
4912,2025-09-08,271,Site,41,2,concluído
4913,2025-02-21,156,App,18,1,concluído
4914,2025-01-03,159,App,39,4,concluído
4915,2025-05-21,32,Site,24,4,concluído
4916,2025-02-07,116,Site,52,4,concluído
4917,2025-05-07,370,Site,31,2,concluído
4918,2025-03-07,13,Marketplace,19,1,concluído
4919,2026-08-12,59,Site,42,1,concluído
4920,2025-02-27,339,Site,46,1,concluído
4921,2026-01-12,209,Site,23,1,concluído
4922,2025-07-31,13,Site,46,1,concluído
4923,2025-04-15,196,Site,15,3,concluído
4924,2026-02-25,300,Marketplace,15,4,cancelado
4925,2026-08-06,139,App,50,3,concluído
4926,2026-04-20,153,App,38,1,concluído
4927,2026-08-09,253,App,3,3,concluído
4928,2025-12-21,240,Marketplace,41,1,concluído
4929,2026-02-09,362,Site,19,2,concluído
4930,2025-03-29,100,App,17,4,concluído
4931,2026-05-27,111,Site,26,1,cancelado
4932,2026-03-25,63,Site,28,4,concluído
4933,2025-06-02,266,Marketplace,54,2,concluído
4934,2025-08-01,214,Marketplace,27,3,concluído
4935,2026-01-02,139,Marketplace,18,2,concluído
4936,2025-01-08,279,Marketplace,47,1,concluído
4937,2026-05-06,151,App,33,2,cancelado
4938,2025-06-18,79,App,1,2,concluído
4939,2025-02-14,216,Site,38,3,concluído
4940,2025-07-18,175,Site,31,1,concluído
4941,2026-05-17,163,App,35,4,concluído
4942,2025-06-14,178,Site,12,3,concluído
4943,2025-11-20,366,App,29,4,concluído
4944,2026-05-03,87,App,39,4,concluído
4945,2025-01-21,111,App,41,3,concluído
4946,2026-04-01,227,Marketplace,41,1,concluído
4947,2025-06-23,19,Site,60,3,concluído
4948,2026-02-22,59,Site,31,4,concluído
4949,2025-04-23,227,Marketplace,26,1,concluído
4950,2025-03-25,204,Marketplace,33,2,concluído
4951,2026-04-18,262,App,20,1,concluído
4952,2026-04-30,46,Marketplace,19,4,concluído
4953,2026-08-12,342,App,42,4,concluído
4954,2026-02-11,195,Site,19,1,concluído
4955,2025-10-07,63,App,45,4,concluído
4956,2025-04-27,125,Site,45,2,concluído
4957,2025-06-27,91,Site,58,4,concluído
4958,2026-01-24,181,App,8,1,concluído
4959,2025-07-27,188,Site,22,1,concluído
4960,2025-10-18,174,Site,47,3,concluído
4961,2025-04-11,185,Site,26,4,concluído
4962,2025-09-21,364,App,40,1,concluído
4963,2025-05-23,384,App,45,1,concluído
4964,2025-03-09,196,App,54,2,cancelado
4965,2025-03-21,386,Marketplace,14,1,concluído
4966,2025-11-07,328,Marketplace,16,4,concluído
4967,2025-08-08,328,App,29,3,concluído
4968,2025-03-01,91,Site,31,3,concluído
4969,2025-11-05,176,Site,55,2,concluído
4970,2025-04-09,141,Marketplace,3,3,concluído
4971,2025-01-10,39,App,15,3,concluído
4972,2025-03-21,31,Site,55,3,cancelado
4973,2025-09-27,249,Site,37,2,concluído
4974,2026-07-27,169,App,41,3,concluído
4975,2025-05-26,331,App,15,3,cancelado
4976,2025-06-20,268,App,38,3,concluído
4977,2025-05-26,35,Site,23,4,concluído
4978,2025-08-02,336,Site,44,2,concluído
4979,2026-03-07,199,Site,6,4,concluído
4980,2025-07-13,227,App,18,1,concluído
4981,2026-01-30,387,Marketplace,39,2,concluído
4982,2026-06-23,257,App,37,2,concluído
4983,2026-07-22,9,Marketplace,51,4,concluído
4984,2025-12-04,71,App,49,1,concluído
4985,2026-03-04,171,Marketplace,1,1,concluído
4986,2026-07-06,15,Marketplace,6,2,concluído
4987,2026-04-18,67,Marketplace,22,4,cancelado
4988,2025-06-29,317,Marketplace,58,2,concluído
4989,2025-03-21,58,App,29,3,concluído
4990,2025-03-10,67,Site,54,1,concluído
4991,2026-06-14,202,Site,4,4,concluído
4992,2025-11-30,37,Site,58,4,concluído
4993,2025-06-27,103,Marketplace,4,1,concluído
4994,2025-07-27,376,App,49,3,concluído
4995,2025-06-19,253,Site,53,1,concluído
4996,2026-04-27,386,Marketplace,18,3,concluído
4997,2026-01-03,142,App,19,3,concluído
4998,2026-06-12,247,App,35,4,concluído
4999,2025-07-01,96,App,44,1,concluído
5000,2025-10-11,152,Marketplace,8,2,concluído
5001,2025-03-15,70,Marketplace,15,3,cancelado
5002,2026-08-06,334,App,46,2,concluído
5003,2025-11-04,74,Site,49,3,concluído
5004,2025-11-28,82,Site,10,1,concluído
5005,2025-09-06,186,Site,54,1,concluído
5006,2025-06-12,172,Site,53,3,concluído
5007,2026-07-24,126,Marketplace,53,3,concluído
5008,2025-10-21,143,App,15,1,concluído
5009,2026-02-09,119,App,41,4,concluído
5010,2025-01-23,366,Site,10,4,concluído
5011,2025-06-15,233,Site,12,1,concluído
5012,2026-04-28,368,Site,5,2,concluído
5013,2025-02-22,395,App,30,3,concluído
5014,2025-03-02,261,App,43,2,concluído
5015,2026-05-01,331,Marketplace,12,2,concluído
5016,2025-07-05,45,App,12,3,concluído
5017,2025-06-14,380,Site,17,4,concluído
5018,2025-12-06,193,Marketplace,12,2,concluído
5019,2025-04-27,286,App,50,1,concluído
5020,2025-01-26,99,App,11,3,concluído
5021,2025-01-03,39,App,17,3,concluído
5022,2025-02-17,354,Site,19,3,concluído
5023,2025-04-06,180,App,13,3,concluído
5024,2026-02-22,56,Site,57,4,concluído
5025,2025-06-28,264,App,13,3,concluído
5026,2025-02-13,22,App,30,3,concluído
5027,2025-01-09,181,App,34,2,concluído
5028,2025-10-14,282,App,16,2,concluído
5029,2026-05-20,289,App,29,2,concluído
5030,2025-07-23,182,Marketplace,11,2,concluído
5031,2025-02-08,148,App,29,3,concluído
5032,2025-05-17,336,Site,2,3,concluído
5033,2025-10-27,74,Site,27,4,concluído
5034,2025-04-24,30,Site,22,2,cancelado
5035,2026-08-11,63,Site,22,3,concluído
5036,2026-04-04,321,App,7,2,concluído
5037,2025-07-26,188,Site,60,2,concluído
5038,2026-07-25,15,App,2,1,cancelado
5039,2025-07-15,68,Marketplace,9,2,concluído
5040,2025-03-26,12,App,7,3,concluído
5041,2026-07-17,326,Site,59,1,concluído
5042,2026-07-30,185,Site,20,1,concluído
5043,2025-07-07,28,Site,26,2,concluído
5044,2025-12-23,89,App,46,4,concluído
5045,2025-04-14,247,Site,4,1,concluído
5046,2026-01-20,238,Site,5,1,concluído
5047,2026-02-19,328,Site,11,2,concluído
5048,2026-03-02,11,App,41,2,concluído
5049,2025-12-08,28,App,59,4,concluído
5050,2026-02-27,15,App,38,1,concluído
5051,2025-11-30,158,Marketplace,53,2,concluído
5052,2026-05-07,291,Site,53,2,concluído
5053,2025-04-18,266,Site,17,1,concluído
5054,2025-10-18,85,Site,12,2,concluído
5055,2025-09-07,263,Site,10,2,concluído
5056,2025-11-17,263,Site,48,3,concluído
5057,2025-03-27,77,Site,41,4,concluído
5058,2025-07-14,300,Site,52,1,concluído
5059,2026-07-27,169,App,31,2,concluído
5060,2025-03-05,24,Marketplace,59,2,cancelado
5061,2026-01-17,157,Marketplace,54,4,concluído
5062,2026-02-03,308,Site,49,1,concluído
5063,2025-10-12,279,Marketplace,49,2,concluído
5064,2025-01-21,108,Marketplace,8,2,concluído
5065,2025-01-21,303,Site,45,2,concluído
5066,2025-06-15,156,Site,57,4,concluído
5067,2025-03-03,185,Site,18,3,concluído
5068,2025-02-26,35,App,49,2,concluído
5069,2025-04-07,399,App,22,4,concluído
5070,2025-04-25,336,Site,13,4,concluído
5071,2026-05-19,78,Marketplace,44,1,concluído
5072,2026-01-19,225,App,10,2,concluído
5073,2025-01-19,313,Marketplace,29,2,concluído
5074,2026-01-13,202,Site,57,2,concluído
5075,2025-03-24,85,Site,10,2,concluído
5076,2025-09-10,388,App,10,4,concluído
5077,2025-01-23,108,Site,57,4,concluído
5078,2025-02-24,134,App,47,1,concluído
5079,2025-03-21,149,App,28,4,concluído
5080,2025-09-18,357,App,25,4,concluído
5081,2025-10-05,201,App,58,2,concluído
5082,2025-07-31,288,App,44,2,concluído
5083,2026-01-08,361,Site,55,1,concluído
5084,2026-03-09,372,Site,6,2,concluído
5085,2026-03-14,343,App,32,1,concluído
5086,2025-12-14,364,Marketplace,44,4,concluído
5087,2025-11-24,380,Site,3,1,concluído
5088,2025-10-22,397,Marketplace,31,2,concluído
5089,2025-05-23,258,Site,4,2,concluído
5090,2025-10-20,53,App,55,4,concluído
5091,2025-01-07,46,Marketplace,41,4,concluído
5092,2026-08-03,319,Marketplace,12,4,concluído
5093,2025-08-11,127,Site,32,2,concluído
5094,2026-03-30,322,Site,7,2,concluído
5095,2026-07-29,374,Site,49,3,concluído
5096,2025-10-26,258,Site,12,2,concluído
5097,2026-06-02,306,Marketplace,37,1,concluído
5098,2025-10-15,112,Site,5,4,concluído
5099,2025-03-21,174,App,10,1,concluído
5100,2025-01-16,387,App,59,1,concluído
5101,2025-03-23,327,App,24,4,concluído
5102,2026-07-20,82,App,8,3,concluído
5103,2025-10-13,375,App,42,3,concluído
5104,2025-07-11,200,Marketplace,13,1,concluído
5105,2025-09-25,338,App,36,2,concluído
5106,2025-06-03,209,App,49,1,concluído
5107,2026-06-07,242,App,42,3,concluído
5108,2026-08-23,65,Site,15,3,concluído
5109,2025-02-20,136,Site,15,2,concluído
5110,2026-03-08,290,Site,14,3,cancelado
5111,2025-07-21,337,Marketplace,38,4,concluído
5112,2025-01-29,36,Marketplace,41,3,concluído
5113,2026-07-08,31,Marketplace,32,1,concluído
5114,2025-02-07,278,Marketplace,24,3,concluído
5115,2025-05-04,179,App,4,1,cancelado
5116,2025-01-16,340,Site,51,2,concluído
5117,2025-10-10,28,App,40,4,concluído
5118,2025-12-26,140,Marketplace,39,2,concluído
5119,2025-07-12,15,App,7,4,concluído
5120,2025-02-12,284,App,18,1,concluído
5121,2025-03-11,344,App,19,4,concluído
5122,2026-07-15,63,Site,36,2,concluído
5123,2026-04-29,130,Site,48,1,cancelado
5124,2026-07-17,339,App,52,2,concluído
5125,2025-11-15,17,Site,32,1,concluído
5126,2025-11-24,381,App,22,3,concluído
5127,2026-04-17,355,Marketplace,25,1,concluído
5128,2026-01-05,62,App,45,1,concluído
5129,2025-09-19,56,App,20,3,concluído
5130,2025-06-25,277,Site,25,1,cancelado
5131,2025-10-19,5,Site,48,2,concluído
5132,2025-02-08,203,Marketplace,33,3,concluído
5133,2025-04-26,27,Site,29,2,concluído
5134,2026-03-19,213,Marketplace,45,1,concluído
5135,2026-06-05,141,App,18,1,concluído
5136,2025-03-03,283,App,4,4,concluído
5137,2025-02-28,353,Marketplace,48,4,concluído
5138,2025-02-21,196,App,28,2,concluído
5139,2026-04-20,257,Marketplace,20,4,concluído
5140,2025-07-06,241,App,6,1,concluído
5141,2025-07-16,394,Site,56,1,concluído
5142,2025-01-08,93,App,44,4,concluído
5143,2026-08-07,96,Site,17,3,concluído
5144,2025-09-18,152,Marketplace,37,3,concluído
5145,2026-04-24,295,App,28,2,concluído
5146,2026-03-01,347,App,20,4,concluído
5147,2025-03-27,112,App,19,3,cancelado
5148,2026-04-26,44,App,5,2,concluído
5149,2025-11-27,244,App,59,2,concluído
5150,2025-12-29,240,Marketplace,56,2,concluído
5151,2025-05-01,150,App,53,3,concluído
5152,2026-05-24,74,Site,19,3,concluído
5153,2026-07-14,340,Site,60,4,concluído
5154,2025-09-01,339,App,17,2,concluído
5155,2025-02-25,300,App,50,2,concluído
5156,2026-05-25,232,Site,7,3,concluído
5157,2026-06-17,105,Site,19,3,concluído
5158,2025-10-31,162,Marketplace,35,2,concluído
5159,2025-12-14,28,Site,59,1,concluído
5160,2025-05-14,100,Site,16,2,concluído
5161,2025-02-10,181,Marketplace,26,1,cancelado
5162,2026-07-21,175,Marketplace,51,1,cancelado
5163,2025-10-17,33,Marketplace,29,4,concluído
5164,2025-06-14,384,App,41,4,concluído
5165,2026-02-20,108,Marketplace,26,1,concluído
5166,2025-01-16,204,Marketplace,1,2,cancelado
5167,2025-02-17,187,Marketplace,17,2,concluído
5168,2025-05-26,188,Site,34,4,concluído
5169,2025-09-28,339,Marketplace,2,2,concluído
5170,2025-08-09,299,Site,14,2,concluído
5171,2025-04-23,348,Site,58,3,concluído
5172,2025-07-30,152,Site,1,2,concluído
5173,2025-07-20,107,Site,15,1,concluído
5174,2025-11-11,171,Marketplace,38,2,concluído
5175,2025-12-04,225,App,34,1,concluído
5176,2026-06-14,135,App,13,3,concluído
5177,2026-04-30,185,App,4,4,concluído
5178,2025-06-25,61,Site,54,4,concluído
5179,2026-06-26,234,Site,34,2,concluído
5180,2025-11-09,286,Marketplace,35,2,concluído
5181,2025-04-23,211,Marketplace,4,1,concluído
5182,2025-07-24,350,Site,13,2,concluído
5183,2026-03-22,399,App,5,1,concluído
5184,2026-05-09,363,Site,59,3,concluído
5185,2025-08-13,38,Marketplace,47,4,concluído
5186,2025-04-05,353,Site,33,1,concluído
5187,2025-04-26,134,Marketplace,41,3,concluído
5188,2025-03-04,181,Marketplace,10,3,concluído
5189,2026-02-24,165,App,60,2,concluído
5190,2025-10-29,114,Site,32,3,concluído
5191,2025-09-28,351,Site,31,3,concluído
5192,2026-02-08,256,Site,58,2,concluído
5193,2026-05-13,387,App,6,4,concluído
5194,2026-04-23,382,App,26,3,concluído
5195,2025-03-24,168,App,6,2,concluído
5196,2025-12-20,291,Site,26,3,concluído
5197,2026-06-14,201,App,17,3,concluído
5198,2026-04-10,198,Site,28,1,concluído
5199,2025-07-17,296,Site,43,1,concluído
5200,2025-08-24,276,Site,17,2,concluído
5201,2026-06-19,365,Marketplace,4,1,concluído
5202,2025-01-20,310,Site,10,2,concluído
5203,2025-11-12,249,App,43,2,concluído
5204,2025-03-11,368,Marketplace,35,4,cancelado
5205,2026-06-21,41,Marketplace,59,1,concluído
5206,2025-01-24,306,Site,54,3,concluído
5207,2025-01-15,157,Marketplace,10,3,concluído
5208,2025-07-17,174,App,45,2,concluído
5209,2025-05-01,313,Marketplace,6,4,concluído
5210,2025-10-25,110,App,6,2,concluído
5211,2025-06-29,354,Site,48,2,concluído
5212,2025-08-02,200,App,25,1,concluído
5213,2025-12-05,140,Marketplace,60,2,concluído
5214,2025-12-03,132,App,1,1,concluído
5215,2026-07-15,169,App,31,4,concluído
5216,2025-10-16,378,App,19,1,concluído
5217,2025-12-05,42,Site,60,4,concluído
5218,2026-02-11,204,App,41,1,concluído
5219,2025-04-15,335,Site,47,2,concluído
5220,2026-02-05,189,App,18,1,concluído
5221,2026-06-02,227,Marketplace,54,2,cancelado
5222,2025-07-10,140,App,51,3,concluído
5223,2025-04-18,55,Marketplace,48,2,concluído
5224,2025-07-27,256,App,29,3,concluído
5225,2025-06-15,368,App,56,4,concluído
5226,2025-12-18,209,App,41,1,concluído
5227,2026-06-03,173,App,4,2,concluído
5228,2025-12-24,52,Site,54,3,concluído
5229,2025-03-17,378,App,2,3,concluído
5230,2025-07-08,348,Marketplace,41,1,concluído
5231,2026-02-18,361,Site,15,1,concluído
5232,2025-07-18,144,App,54,2,concluído
5233,2025-12-18,251,Site,44,3,concluído
5234,2026-02-21,174,App,49,4,cancelado
5235,2025-07-17,94,App,42,2,concluído
5236,2026-01-24,83,App,35,3,concluído
5237,2025-08-27,154,App,52,2,concluído
5238,2025-03-23,222,App,18,1,concluído
5239,2025-08-12,49,Marketplace,32,2,concluído
5240,2025-09-22,281,Site,18,2,concluído
5241,2025-01-02,184,Marketplace,7,1,concluído
5242,2026-06-20,353,App,53,3,concluído
5243,2025-11-13,112,Marketplace,30,2,concluído
5244,2025-01-22,21,App,4,1,concluído
5245,2026-06-05,125,App,50,2,concluído
5246,2026-05-29,390,Marketplace,57,4,concluído
5247,2025-01-08,129,App,40,3,concluído
5248,2025-04-08,282,Site,20,2,concluído
5249,2025-08-07,338,Marketplace,52,4,concluído
5250,2025-11-01,114,Site,45,1,concluído
5251,2026-03-12,258,Site,18,2,concluído
5252,2025-09-12,82,App,20,3,concluído
5253,2026-01-03,145,App,60,2,concluído
5254,2025-01-07,119,Marketplace,58,3,concluído
5255,2026-01-31,269,App,41,3,concluído
5256,2026-07-04,351,App,3,2,concluído
5257,2025-11-12,101,App,14,4,concluído
5258,2025-09-30,117,Marketplace,22,4,concluído
5259,2025-06-28,329,Marketplace,33,2,concluído
5260,2026-07-27,186,Site,53,4,concluído
5261,2025-01-20,206,Marketplace,51,3,cancelado
5262,2025-06-22,283,App,17,1,concluído
5263,2025-03-25,56,Marketplace,7,1,cancelado
5264,2026-06-04,349,App,17,1,concluído
5265,2025-10-17,147,App,15,1,concluído
5266,2026-07-08,264,App,54,2,cancelado
5267,2026-02-04,173,Marketplace,1,1,concluído
5268,2025-12-01,302,Marketplace,50,3,concluído
5269,2025-11-07,245,Site,40,2,concluído
5270,2025-05-02,70,App,7,3,concluído
5271,2025-12-04,76,App,42,3,cancelado
5272,2026-02-16,351,Site,35,2,concluído
5273,2026-08-03,208,App,1,3,concluído
5274,2025-11-26,111,App,14,4,concluído
5275,2026-07-18,58,Site,21,2,concluído
5276,2026-07-21,52,Site,13,2,concluído
5277,2025-11-10,368,Marketplace,35,3,concluído
5278,2025-09-21,391,Site,37,4,concluído
5279,2025-03-27,158,App,11,3,concluído
5280,2025-06-11,81,Site,8,4,concluído
5281,2026-06-12,168,App,40,1,concluído
5282,2025-03-24,55,Site,29,1,concluído
5283,2025-08-27,220,Marketplace,16,2,concluído
5284,2026-02-24,251,App,16,1,concluído
5285,2025-05-25,395,App,3,1,concluído
5286,2026-08-08,128,Marketplace,52,1,concluído
5287,2026-01-25,80,Site,51,2,concluído
5288,2025-01-18,54,Site,34,4,concluído
5289,2025-05-29,151,Site,21,4,concluído
5290,2026-03-21,241,Site,13,2,concluído
5291,2026-06-02,27,App,19,4,concluído
5292,2026-07-11,304,Marketplace,56,4,concluído
5293,2026-05-26,185,Marketplace,6,2,concluído
5294,2025-02-14,318,App,50,2,concluído
5295,2026-03-14,186,App,19,4,cancelado
5296,2025-03-08,63,Site,16,2,concluído
5297,2025-02-15,9,Site,49,2,cancelado
5298,2026-02-20,223,App,58,4,concluído
5299,2025-10-14,216,Site,60,3,concluído
5300,2026-01-24,326,Site,17,2,concluído
5301,2026-05-26,351,Site,36,4,concluído
5302,2025-02-11,65,App,18,3,cancelado
5303,2025-11-13,126,App,12,2,concluído
5304,2026-05-16,84,Site,24,2,concluído
5305,2025-09-22,43,Marketplace,4,1,cancelado
5306,2025-11-11,1,Site,10,1,concluído
5307,2025-10-26,33,App,36,4,concluído
5308,2026-06-29,210,Marketplace,42,1,concluído
5309,2025-01-30,61,App,17,4,concluído
5310,2026-06-11,78,Site,34,1,concluído
5311,2026-05-05,48,App,46,3,concluído
5312,2026-05-03,290,Site,54,3,concluído
5313,2025-09-05,255,Site,35,4,concluído
5314,2025-11-06,385,Marketplace,15,2,concluído
5315,2025-08-10,45,App,43,4,concluído
5316,2025-06-01,84,Site,11,2,concluído
5317,2026-06-10,183,App,9,4,concluído
5318,2025-10-31,260,Marketplace,22,1,concluído
5319,2026-03-11,53,App,20,2,concluído
5320,2025-03-02,85,Site,9,3,concluído
5321,2026-04-19,169,Site,4,3,concluído
5322,2026-01-31,8,App,57,4,concluído
5323,2026-08-22,159,App,41,2,concluído
5324,2025-03-22,304,App,44,3,concluído
5325,2025-11-21,211,Site,4,3,concluído
5326,2025-11-03,174,Marketplace,48,4,concluído
5327,2025-11-20,196,Site,22,1,concluído
5328,2025-02-02,379,Marketplace,45,1,concluído
5329,2025-10-11,209,App,30,3,concluído
5330,2025-06-29,214,App,15,1,concluído
5331,2026-01-06,373,Marketplace,16,1,concluído
5332,2025-05-20,63,Marketplace,9,3,concluído
5333,2025-09-19,39,App,50,2,concluído
5334,2026-01-08,180,Site,26,2,concluído
5335,2025-02-08,128,Marketplace,47,2,concluído
5336,2026-04-18,82,Marketplace,50,3,concluído
5337,2026-03-06,48,Site,11,2,concluído
5338,2025-02-04,352,App,20,4,concluído
5339,2025-02-08,246,App,8,1,concluído
5340,2026-05-26,277,Site,1,1,concluído
5341,2025-06-19,48,Site,60,1,concluído
5342,2026-06-01,137,App,40,4,concluído
5343,2025-10-27,249,App,28,2,concluído
5344,2025-07-25,212,App,13,1,concluído
5345,2025-06-14,278,Site,36,2,concluído
5346,2026-01-31,268,App,33,3,concluído
5347,2025-03-07,166,App,14,2,concluído
5348,2025-08-30,314,App,1,2,concluído
5349,2025-07-27,104,Marketplace,29,1,concluído
5350,2025-04-03,33,Site,31,3,concluído
5351,2025-07-31,366,App,48,1,concluído
5352,2025-11-14,10,Site,24,1,concluído
5353,2026-02-11,114,Site,6,3,concluído
5354,2025-02-21,46,Site,53,4,concluído
5355,2026-06-08,93,Site,25,3,concluído
5356,2026-06-12,158,Site,44,4,concluído
5357,2026-02-20,52,Site,3,2,concluído
5358,2026-07-09,187,App,3,3,concluído
5359,2025-09-14,371,App,2,2,concluído
5360,2026-05-08,55,App,48,3,concluído
5361,2026-03-13,371,Site,15,4,concluído
5362,2025-12-04,165,Site,48,3,concluído
5363,2025-04-18,237,Site,57,1,concluído
5364,2025-12-01,177,App,40,3,concluído
5365,2026-06-25,127,Site,60,2,concluído
5366,2026-08-14,44,App,56,3,concluído
5367,2025-09-26,238,App,44,3,concluído
5368,2025-05-29,367,Site,49,3,concluído
5369,2026-03-25,209,App,37,4,concluído
5370,2025-02-15,240,App,14,4,concluído
5371,2025-04-01,258,App,7,4,concluído
5372,2025-12-04,156,Site,23,3,concluído
5373,2026-08-18,49,App,29,2,concluído
5374,2025-07-17,203,Marketplace,21,1,cancelado
5375,2025-09-23,348,Marketplace,7,4,concluído
5376,2025-07-13,126,Marketplace,31,4,concluído
5377,2025-09-22,349,App,30,1,concluído
5378,2025-01-05,342,Site,58,1,concluído
5379,2025-12-23,98,App,58,3,concluído
5380,2025-12-24,231,Marketplace,37,1,concluído
5381,2025-07-09,300,Site,52,1,concluído
5382,2025-06-08,198,App,19,4,concluído
5383,2026-04-02,280,App,59,1,concluído
5384,2025-04-23,365,Marketplace,57,1,concluído
5385,2025-01-29,251,Marketplace,8,4,concluído
5386,2025-01-25,336,Site,43,1,concluído
5387,2026-06-14,321,Site,28,4,concluído
5388,2025-08-07,326,Marketplace,16,3,concluído
5389,2025-03-03,341,Marketplace,25,3,concluído
5390,2026-06-12,91,Marketplace,55,4,concluído
5391,2025-03-31,8,App,56,1,concluído
5392,2025-07-22,62,Site,21,1,cancelado
5393,2025-01-13,100,Marketplace,28,1,concluído
5394,2026-02-12,277,App,31,2,concluído
5395,2026-02-24,204,App,45,4,concluído
5396,2026-03-30,188,App,29,1,concluído
5397,2025-06-07,4,Site,24,2,concluído
5398,2025-07-16,274,Marketplace,56,2,concluído
5399,2026-07-17,146,App,23,1,concluído
5400,2026-05-08,305,Site,16,2,concluído
5401,2025-01-23,46,App,20,1,concluído
5402,2026-02-20,119,Marketplace,20,1,concluído
5403,2026-05-03,22,Marketplace,34,3,cancelado
5404,2025-12-02,114,Site,40,4,concluído
5405,2026-01-19,370,Site,9,2,concluído
5406,2025-01-01,197,App,54,3,concluído
5407,2025-01-19,176,Marketplace,16,3,concluído
5408,2025-01-22,110,Site,7,4,concluído
5409,2025-04-06,106,App,41,4,concluído
5410,2026-08-18,267,Marketplace,13,4,concluído
5411,2026-01-16,395,App,46,4,concluído
5412,2026-04-15,299,Site,57,4,concluído
5413,2025-06-27,295,App,42,4,concluído
5414,2026-07-17,189,Site,47,3,concluído
5415,2025-04-30,40,App,30,2,concluído
5416,2026-06-26,290,App,21,2,concluído
5417,2025-01-19,324,Site,37,3,cancelado
5418,2025-01-13,205,Marketplace,22,4,concluído
5419,2025-02-17,37,App,53,4,concluído
5420,2026-04-21,286,Site,29,3,concluído
5421,2025-06-04,369,Site,30,1,concluído
5422,2025-09-28,90,Marketplace,41,2,concluído
5423,2025-10-10,64,App,12,3,concluído
5424,2026-04-19,296,Site,34,2,concluído
5425,2025-07-29,133,Marketplace,46,2,concluído
5426,2025-01-05,287,App,47,2,concluído
5427,2025-08-20,282,Site,14,1,concluído
5428,2025-06-22,107,Marketplace,4,2,concluído
5429,2026-03-15,17,App,12,2,cancelado
5430,2026-03-27,223,App,50,4,concluído
5431,2025-02-25,164,App,16,1,cancelado
5432,2026-04-21,343,Marketplace,4,2,concluído
5433,2025-02-12,144,Marketplace,36,4,concluído
5434,2026-01-07,100,Site,53,2,concluído
5435,2025-08-22,345,Site,14,2,concluído
5436,2025-06-30,295,App,3,1,concluído
5437,2025-10-17,248,App,9,3,cancelado
5438,2025-07-06,382,App,8,4,concluído
5439,2026-04-22,314,App,13,2,concluído
5440,2026-08-04,347,App,11,2,concluído
5441,2026-05-05,320,Site,39,3,concluído
5442,2025-09-21,161,App,14,2,concluído
5443,2025-10-29,25,App,33,2,concluído
5444,2025-09-26,243,App,25,4,concluído
5445,2026-04-22,306,App,40,2,concluído
5446,2025-11-28,397,App,40,4,concluído
5447,2025-10-08,273,App,36,2,concluído
5448,2025-09-03,228,App,54,3,concluído
5449,2025-08-14,231,Site,12,2,concluído
5450,2025-11-28,47,Marketplace,32,3,concluído
5451,2026-02-18,3,Marketplace,24,2,concluído
5452,2025-09-17,19,Marketplace,32,1,concluído
5453,2026-04-29,362,Site,9,3,concluído
5454,2026-05-12,317,Marketplace,20,4,concluído
5455,2025-09-15,105,Site,57,1,concluído
5456,2026-06-30,170,Site,49,3,cancelado
5457,2025-04-14,194,Site,26,3,concluído
5458,2026-07-14,99,App,7,3,concluído
5459,2025-06-26,170,App,39,1,concluído
5460,2025-12-05,140,App,19,1,concluído
5461,2025-06-20,278,Marketplace,20,3,concluído
5462,2025-09-23,303,App,6,3,concluído
5463,2025-07-24,40,Site,18,2,concluído
5464,2026-02-28,187,Marketplace,13,2,concluído
5465,2025-02-18,397,Site,3,3,concluído
5466,2026-05-18,348,App,36,2,concluído
5467,2026-06-27,318,Site,59,2,concluído
5468,2025-12-04,294,App,8,3,concluído
5469,2025-11-25,2,Marketplace,4,4,concluído
5470,2026-02-24,390,Site,7,4,concluído
5471,2025-04-30,295,Site,33,1,concluído
5472,2026-03-26,356,Site,50,2,concluído
5473,2025-05-12,364,Site,19,1,concluído
5474,2026-02-10,102,Site,8,4,concluído
5475,2025-07-03,6,App,6,3,concluído
5476,2026-03-24,264,App,37,1,concluído
5477,2026-04-20,184,App,22,4,concluído
5478,2025-05-06,9,Site,22,3,concluído
5479,2026-01-06,109,Marketplace,15,1,concluído
5480,2025-10-27,397,Site,54,1,concluído
5481,2025-06-26,146,Site,23,4,concluído
5482,2025-12-19,105,Marketplace,43,2,concluído
5483,2026-08-19,262,App,45,3,concluído
5484,2025-01-02,266,App,4,4,concluído
5485,2026-07-29,133,Marketplace,15,2,concluído
5486,2026-05-29,340,Marketplace,54,1,concluído
5487,2025-11-14,233,Site,53,1,concluído
5488,2026-01-02,65,App,25,4,concluído
5489,2025-08-10,130,Marketplace,10,3,concluído
5490,2025-03-19,340,Marketplace,18,2,concluído
5491,2025-12-09,36,Site,57,1,concluído
5492,2026-05-05,5,App,41,3,concluído
5493,2025-05-19,263,Site,5,1,concluído
5494,2026-03-07,177,Marketplace,44,1,concluído
5495,2026-03-25,102,Marketplace,9,3,concluído
5496,2026-03-31,189,Site,19,3,concluído
5497,2025-07-24,74,Site,29,3,concluído
5498,2025-08-24,150,Site,22,4,concluído
5499,2025-09-07,94,Site,42,2,concluído
5500,2026-05-28,235,Site,10,3,concluído
5501,2026-06-25,270,App,53,2,concluído
5502,2025-09-06,366,App,36,2,concluído
5503,2026-08-05,28,Marketplace,19,1,concluído
5504,2025-12-09,131,App,58,4,concluído
5505,2025-08-20,106,App,29,3,concluído
5506,2025-01-01,232,Marketplace,25,3,concluído
5507,2026-01-02,214,Site,2,1,concluído
5508,2026-01-22,351,App,60,1,concluído
5509,2026-08-05,368,App,51,4,concluído
5510,2026-03-07,310,Marketplace,11,3,concluído
5511,2025-01-18,80,Site,57,1,concluído
5512,2025-12-07,17,Site,48,3,concluído
5513,2026-03-22,360,Site,26,4,concluído
5514,2025-10-25,378,App,56,4,concluído
5515,2025-09-15,101,Site,34,2,cancelado
5516,2026-05-01,19,App,42,2,concluído
5517,2026-01-02,273,Site,11,4,concluído
5518,2026-02-13,236,App,7,2,concluído
5519,2025-10-06,356,App,32,3,concluído
5520,2025-06-16,231,App,20,4,concluído
5521,2025-11-08,305,Marketplace,59,2,cancelado
5522,2026-07-30,315,App,6,3,concluído
5523,2025-12-28,4,App,46,2,concluído
5524,2026-03-01,60,App,37,3,concluído
5525,2025-03-16,313,Site,53,1,concluído
5526,2026-08-16,72,Site,60,4,concluído
5527,2025-05-27,83,Marketplace,53,3,cancelado
5528,2026-08-06,301,Site,23,1,concluído
5529,2025-09-25,82,Site,42,3,cancelado
5530,2026-07-06,60,Site,10,2,concluído
5531,2026-06-20,6,App,30,4,concluído
5532,2026-03-30,188,Marketplace,17,4,concluído
5533,2026-07-04,255,Marketplace,16,2,concluído
5534,2026-01-01,293,App,35,3,concluído
5535,2026-05-25,363,Site,8,1,concluído
5536,2025-04-14,261,App,35,4,concluído
5537,2025-02-12,303,Site,25,3,concluído
5538,2025-11-23,85,Marketplace,14,3,concluído
5539,2026-05-01,137,Marketplace,34,3,concluído
5540,2026-04-05,122,App,46,2,concluído
5541,2025-11-13,27,Site,37,3,concluído
5542,2025-11-09,388,Site,6,2,concluído
5543,2026-01-01,97,App,34,3,concluído
5544,2026-06-05,180,Site,38,1,concluído
5545,2026-05-21,143,Site,42,1,concluído
5546,2025-03-07,18,Marketplace,26,4,concluído
5547,2025-12-24,362,Marketplace,6,3,concluído
5548,2025-08-17,88,App,8,1,concluído
5549,2026-04-25,41,App,20,1,concluído
5550,2025-10-31,137,App,39,3,concluído
5551,2026-08-18,58,App,45,1,concluído
5552,2025-09-17,400,Site,41,2,concluído
5553,2026-02-12,76,Marketplace,19,2,concluído
5554,2025-03-07,122,Site,27,1,concluído
5555,2026-07-14,109,Site,3,2,concluído
5556,2025-04-03,11,App,48,2,concluído
5557,2025-08-16,6,App,22,1,concluído
5558,2026-05-18,206,Marketplace,31,3,concluído
5559,2026-08-04,94,Site,27,2,concluído
5560,2025-10-18,34,App,18,1,concluído
5561,2025-10-18,117,Marketplace,11,1,concluído
5562,2025-01-30,110,Site,58,4,cancelado
5563,2026-08-11,170,App,8,1,concluído
5564,2025-01-10,397,Site,57,4,concluído
5565,2025-01-16,123,Site,7,1,concluído
5566,2025-10-12,282,App,6,1,concluído
5567,2025-01-03,308,Marketplace,55,3,concluído
5568,2025-04-09,21,Site,57,4,concluído
5569,2026-01-12,201,Site,54,1,concluído
5570,2026-02-28,180,Marketplace,47,2,concluído
5571,2025-06-28,204,Site,30,4,concluído
5572,2026-04-23,69,Site,7,1,concluído
5573,2025-12-31,187,App,36,1,concluído
5574,2025-05-17,50,App,32,2,concluído
5575,2026-03-04,379,App,45,4,concluído
5576,2025-12-22,235,App,3,4,concluído
5577,2026-05-03,14,Site,5,3,concluído
5578,2025-04-03,203,App,36,3,concluído
5579,2025-05-19,371,App,52,1,concluído
5580,2025-07-02,298,Site,56,1,concluído
5581,2025-07-24,110,App,35,4,concluído
5582,2026-06-18,357,Site,23,3,cancelado
5583,2026-03-16,75,Site,29,1,concluído
5584,2025-11-23,99,App,31,3,concluído
5585,2025-11-21,62,App,38,3,concluído
5586,2026-06-16,370,Site,14,3,concluído
5587,2025-09-26,287,App,24,4,concluído
5588,2025-05-16,208,Site,33,3,concluído
5589,2025-03-24,268,Site,52,1,concluído
5590,2025-07-18,104,Site,49,4,concluído
5591,2026-01-27,29,Site,46,1,concluído
5592,2025-10-10,339,Marketplace,13,3,concluído
5593,2025-09-11,386,App,25,4,concluído
5594,2025-10-16,15,Marketplace,34,1,cancelado
5595,2026-08-08,21,Marketplace,59,4,concluído
5596,2026-08-22,224,Site,22,4,concluído
5597,2025-04-07,18,App,56,3,concluído
5598,2025-03-10,289,App,45,2,concluído
5599,2025-05-27,379,Marketplace,39,1,concluído
5600,2026-05-27,112,App,43,3,concluído
5601,2025-10-03,118,Marketplace,48,1,concluído
5602,2026-06-03,346,Site,42,3,concluído
5603,2026-01-24,143,Site,41,1,concluído
5604,2025-11-28,97,Site,23,2,concluído
5605,2025-06-18,34,App,26,3,cancelado
5606,2025-07-26,336,Site,36,1,concluído
5607,2025-03-30,371,Marketplace,51,4,cancelado
5608,2025-11-08,32,App,40,3,concluído
5609,2025-06-18,322,Marketplace,60,1,concluído
5610,2025-06-25,64,Marketplace,41,4,concluído
5611,2025-01-24,56,App,25,3,concluído
5612,2026-04-25,153,Site,35,4,concluído
5613,2026-07-18,175,App,38,3,concluído
5614,2025-10-26,342,Site,53,3,concluído
5615,2025-11-18,280,Marketplace,16,2,concluído
5616,2026-07-10,58,Marketplace,15,1,concluído
5617,2025-11-03,234,Marketplace,13,1,concluído
5618,2026-01-09,351,App,4,2,concluído
5619,2025-09-14,265,Site,41,2,cancelado
5620,2025-11-05,92,App,58,4,concluído
5621,2025-11-10,52,Marketplace,37,3,concluído
5622,2026-03-03,182,App,4,2,concluído
5623,2025-12-29,189,App,22,3,concluído
5624,2025-10-30,142,App,55,3,concluído
5625,2025-02-15,44,App,4,4,concluído
5626,2026-06-27,48,App,37,2,concluído
5627,2026-06-17,212,App,27,1,concluído
5628,2025-04-21,378,Marketplace,56,1,concluído
5629,2025-06-25,240,Marketplace,31,1,concluído
5630,2026-08-08,176,App,34,3,concluído
5631,2025-07-12,373,Marketplace,44,4,concluído
5632,2026-05-03,277,Site,50,3,concluído
5633,2026-04-17,288,Marketplace,31,4,concluído
5634,2026-06-01,231,App,44,3,concluído
5635,2025-01-10,306,Site,49,4,concluído
5636,2025-10-17,201,App,32,2,concluído
5637,2025-12-06,249,App,43,2,concluído
5638,2026-05-18,247,Site,22,4,concluído
5639,2025-05-15,302,Marketplace,22,3,concluído
5640,2025-07-04,360,Marketplace,1,2,concluído
5641,2025-04-18,118,App,41,4,concluído
5642,2026-04-03,280,Site,16,4,concluído
5643,2026-08-23,13,Marketplace,49,2,concluído
5644,2025-03-26,213,App,58,3,cancelado
5645,2025-05-20,360,App,53,2,concluído
5646,2025-07-04,259,App,17,2,concluído
5647,2026-06-18,108,App,40,4,concluído
5648,2025-09-25,243,App,46,3,concluído
5649,2025-06-19,144,App,31,1,concluído
5650,2025-07-13,174,Site,31,3,concluído
5651,2025-12-25,92,Site,27,3,cancelado
5652,2025-08-21,250,Marketplace,19,3,concluído
5653,2025-03-26,80,Site,35,2,concluído
5654,2026-05-08,178,App,60,3,concluído
5655,2025-09-11,376,Marketplace,14,4,concluído
5656,2025-06-04,304,Site,3,1,concluído
5657,2026-03-14,166,Site,4,3,concluído
5658,2026-03-24,388,App,35,4,concluído
5659,2025-04-04,6,Site,17,2,concluído
5660,2025-02-14,384,Site,28,2,concluído
5661,2025-01-28,141,Site,58,1,concluído
5662,2026-04-05,329,Marketplace,5,1,concluído
5663,2026-01-11,380,Marketplace,11,2,concluído
5664,2026-04-21,241,Marketplace,13,4,concluído
5665,2026-01-11,245,Site,28,1,concluído
5666,2025-08-30,300,Marketplace,42,1,concluído
5667,2025-12-20,96,Marketplace,11,4,cancelado
5668,2026-03-10,72,App,7,4,concluído
5669,2025-08-28,138,Site,6,1,concluído
5670,2026-07-04,192,App,49,2,concluído
5671,2026-06-24,298,App,2,2,concluído
5672,2026-04-26,103,App,38,2,cancelado
5673,2026-08-19,226,Site,35,1,concluído
5674,2025-08-23,2,App,7,1,concluído
5675,2025-03-10,13,App,34,3,concluído
5676,2025-10-18,387,App,18,1,concluído
5677,2026-03-24,341,Site,31,3,concluído
5678,2026-04-13,346,Marketplace,9,1,concluído
5679,2025-08-22,132,Marketplace,41,1,concluído
5680,2025-06-25,206,Site,48,1,concluído
5681,2025-09-25,270,App,1,2,concluído
5682,2026-04-28,102,Marketplace,32,2,concluído
5683,2025-02-06,298,App,39,2,concluído
5684,2025-07-16,278,Marketplace,1,2,concluído
5685,2025-05-18,163,Site,44,4,concluído
5686,2026-04-29,174,Site,33,2,concluído
5687,2025-10-09,123,App,19,4,concluído
5688,2025-02-22,322,App,29,1,concluído
5689,2025-06-07,395,Site,41,2,concluído
5690,2025-01-27,400,Site,39,1,concluído
5691,2025-10-13,309,Marketplace,47,2,concluído
5692,2026-08-22,140,Site,3,1,concluído
5693,2025-12-07,313,Site,48,1,concluído
5694,2026-06-06,98,App,3,1,concluído
5695,2026-03-22,359,Site,40,1,concluído
5696,2026-06-14,107,App,21,2,concluído
5697,2025-07-06,162,Site,4,3,concluído
5698,2026-07-25,38,Site,42,1,concluído
5699,2025-05-24,33,Marketplace,34,3,concluído
5700,2025-09-20,158,Site,40,2,cancelado
5701,2026-02-13,221,App,23,2,concluído
5702,2025-06-22,7,Marketplace,17,4,concluído
5703,2025-06-08,339,Site,38,2,concluído
5704,2025-03-20,46,Site,13,2,concluído
5705,2025-01-03,400,Site,49,1,concluído
5706,2025-10-28,109,Marketplace,41,1,concluído
5707,2026-08-16,152,App,60,4,concluído
5708,2025-05-13,64,Site,2,3,concluído
5709,2025-09-22,330,Marketplace,36,2,concluído
5710,2026-07-16,293,App,34,2,concluído
5711,2026-04-09,32,Marketplace,52,3,concluído
5712,2025-01-03,43,App,26,1,concluído
5713,2025-10-28,244,App,57,4,concluído
5714,2025-03-27,347,App,15,4,concluído
5715,2025-05-29,44,Marketplace,52,3,concluído
5716,2025-05-28,89,Marketplace,32,3,concluído
5717,2026-01-03,219,App,57,1,concluído
5718,2025-04-30,44,App,14,4,concluído
5719,2025-06-01,122,App,16,3,concluído
5720,2025-05-16,5,App,34,4,concluído
5721,2025-08-03,200,Site,34,4,concluído
5722,2026-01-29,287,App,9,3,concluído
5723,2025-08-28,165,App,40,2,concluído
5724,2025-07-16,103,App,25,3,concluído
5725,2025-11-07,170,Site,10,3,concluído
5726,2026-01-05,204,Site,31,2,concluído
5727,2025-01-10,67,Site,42,3,concluído
5728,2026-06-19,45,Site,2,4,concluído
5729,2026-07-04,73,Marketplace,56,1,concluído
5730,2025-12-28,395,Site,37,3,concluído
5731,2025-12-11,290,Marketplace,16,4,concluído
5732,2026-02-21,51,Site,46,2,concluído
5733,2025-09-22,121,App,51,2,concluído
5734,2025-08-08,165,Marketplace,58,1,concluído
5735,2025-07-31,73,Site,48,2,concluído
5736,2025-04-06,341,Site,13,3,concluído
5737,2026-05-20,377,App,10,4,concluído
5738,2025-07-12,98,Site,13,3,concluído
5739,2025-06-20,7,Marketplace,53,2,cancelado
5740,2026-08-02,107,App,19,4,concluído
5741,2025-11-01,234,App,20,1,concluído
5742,2026-01-09,324,App,54,1,concluído
5743,2025-05-28,136,Site,13,3,concluído
5744,2025-06-16,110,Marketplace,25,4,concluído
5745,2026-03-14,100,Site,18,1,concluído
5746,2025-09-28,2,Marketplace,19,1,concluído
5747,2025-03-30,6,Site,36,3,concluído
5748,2026-05-17,172,App,45,3,concluído
5749,2025-08-30,248,App,16,3,concluído
5750,2026-02-06,6,App,3,2,concluído
5751,2025-07-24,81,Site,39,1,concluído
5752,2025-12-03,364,App,33,2,concluído
5753,2026-04-11,397,App,40,2,concluído
5754,2026-06-16,257,Marketplace,28,2,cancelado
5755,2025-05-05,209,Site,47,4,concluído
5756,2026-02-08,234,App,38,1,concluído
5757,2026-07-03,149,Site,46,2,concluído
5758,2026-01-21,81,Site,44,1,concluído
5759,2025-03-27,151,Marketplace,30,3,concluído
5760,2025-04-24,280,Site,20,4,concluído
5761,2025-05-02,266,App,35,4,concluído
5762,2025-03-05,271,App,39,1,concluído
5763,2026-03-29,244,App,35,2,concluído
5764,2026-08-03,25,Site,32,3,concluído
5765,2025-11-07,251,Site,21,1,concluído
5766,2025-12-26,353,Site,9,3,concluído
5767,2026-04-10,260,Site,26,1,cancelado
5768,2025-09-07,232,App,53,1,concluído
5769,2025-10-11,90,App,44,1,concluído
5770,2025-12-20,317,App,46,4,concluído
5771,2025-07-02,181,Site,45,3,concluído
5772,2025-02-07,106,Site,56,4,concluído
5773,2025-12-07,196,Marketplace,14,3,concluído
5774,2026-05-09,49,App,44,4,concluído
5775,2025-02-13,371,Site,5,2,concluído
5776,2025-05-10,281,App,15,4,concluído
5777,2025-06-07,131,Site,2,1,concluído
5778,2026-04-28,318,App,26,3,concluído
5779,2025-10-30,22,Site,9,4,concluído
5780,2025-11-17,155,App,24,4,concluído
5781,2026-01-23,261,App,9,2,concluído
5782,2025-06-15,10,Site,3,1,concluído
5783,2026-03-05,284,App,29,3,concluído
5784,2025-01-19,328,Site,25,1,cancelado
5785,2025-03-10,238,App,26,4,concluído
5786,2026-05-05,83,Marketplace,21,3,concluído
5787,2026-01-30,300,App,25,3,concluído
5788,2025-04-16,136,Site,1,2,concluído
5789,2025-09-21,295,Marketplace,29,1,concluído
5790,2025-02-01,252,Site,51,3,concluído
5791,2026-02-08,38,App,9,2,concluído
5792,2026-03-30,40,Site,9,2,concluído
5793,2025-06-17,7,App,47,1,concluído
5794,2025-07-30,29,Site,31,2,concluído
5795,2025-05-23,120,Site,16,4,concluído
5796,2025-08-22,11,Marketplace,48,4,concluído
5797,2025-06-13,376,Marketplace,20,2,concluído
5798,2025-05-29,367,App,37,1,concluído
5799,2025-09-16,70,App,34,1,concluído
5800,2026-05-31,125,App,11,1,concluído
5801,2026-04-03,297,Site,46,1,concluído
5802,2025-06-28,265,App,38,3,concluído
5803,2026-07-20,233,Site,13,3,cancelado
5804,2025-05-07,396,Site,46,4,concluído
5805,2026-07-01,252,Marketplace,38,2,cancelado
5806,2025-07-05,268,Site,52,4,concluído
5807,2025-11-21,201,App,50,1,concluído
5808,2025-05-02,211,App,20,1,concluído
5809,2026-04-03,117,Site,57,4,cancelado
5810,2025-07-10,209,App,3,4,concluído
5811,2026-06-08,368,App,21,3,concluído
5812,2025-02-19,151,App,37,3,concluído
5813,2025-10-29,54,Site,33,3,concluído
5814,2025-04-06,240,Marketplace,14,4,concluído
5815,2026-06-18,315,App,12,1,concluído
5816,2025-09-08,384,App,47,1,concluído
5817,2026-02-09,217,Site,53,1,concluído
5818,2026-06-12,316,App,41,2,concluído
5819,2025-11-18,101,Marketplace,32,1,concluído
5820,2025-02-04,170,Site,47,3,concluído
5821,2025-05-13,168,Site,15,1,concluído
5822,2025-05-08,133,Marketplace,59,3,concluído
5823,2026-07-03,287,Site,8,3,cancelado
5824,2026-06-30,354,App,36,1,concluído
5825,2025-10-14,131,Site,21,2,concluído
5826,2026-06-19,55,Site,55,3,concluído
5827,2025-05-28,331,Site,15,1,concluído
5828,2026-02-12,340,Marketplace,39,3,concluído
5829,2025-08-24,374,App,10,4,concluído
5830,2025-05-25,103,Site,11,2,concluído
5831,2025-05-31,288,App,25,1,concluído
5832,2025-09-09,287,App,48,3,concluído
5833,2025-07-23,317,Site,17,4,concluído
5834,2025-05-07,323,Marketplace,42,2,concluído
5835,2025-07-20,382,Site,35,4,concluído
5836,2025-03-19,191,App,59,4,cancelado
5837,2026-08-05,31,App,19,2,concluído
5838,2025-08-16,77,Site,15,3,concluído
5839,2025-03-06,355,Site,55,1,concluído
5840,2025-12-12,338,Marketplace,20,3,concluído
5841,2026-06-14,5,Site,13,4,concluído
5842,2025-08-04,148,Marketplace,50,4,concluído
5843,2026-05-23,99,Marketplace,49,1,concluído
5844,2026-01-02,129,App,4,3,concluído
5845,2026-03-20,256,Site,52,1,concluído
5846,2025-06-27,205,Site,38,2,concluído
5847,2025-01-23,193,Marketplace,17,4,concluído
5848,2025-07-27,175,Site,33,3,concluído
5849,2026-07-09,257,Site,15,2,concluído
5850,2026-04-20,274,App,11,4,concluído
5851,2026-04-16,18,Site,8,4,concluído
5852,2026-06-11,55,Marketplace,10,1,concluído
5853,2025-08-12,137,Marketplace,35,1,concluído
5854,2025-07-13,175,App,49,3,concluído
5855,2026-07-10,399,App,30,4,concluído
5856,2025-12-09,357,Marketplace,1,1,concluído
5857,2025-06-28,260,Site,26,3,concluído
5858,2025-06-16,15,Marketplace,45,4,concluído
5859,2026-06-11,41,App,51,4,concluído
5860,2025-02-02,183,Marketplace,44,3,concluído
5861,2025-02-07,235,Site,23,4,concluído
5862,2026-03-19,265,App,39,4,concluído
5863,2025-01-01,57,App,5,4,concluído
5864,2025-04-13,356,Site,25,3,concluído
5865,2026-08-18,198,App,33,4,cancelado
5866,2025-09-13,238,Marketplace,2,1,concluído
5867,2026-03-13,16,Site,1,1,concluído
5868,2025-10-20,330,Site,49,3,concluído
5869,2025-02-24,218,App,14,3,concluído
5870,2025-04-21,90,Marketplace,8,4,concluído
5871,2026-04-02,128,Site,36,3,concluído
5872,2025-02-26,142,Marketplace,17,1,concluído
5873,2025-12-23,11,Marketplace,59,4,concluído
5874,2025-07-28,377,Site,57,1,concluído
5875,2025-08-11,322,Marketplace,50,1,concluído
5876,2026-07-26,355,Site,19,3,concluído
5877,2025-12-30,142,Site,53,4,concluído
5878,2026-01-05,224,App,16,3,concluído
5879,2025-07-30,184,App,15,1,concluído
5880,2025-08-17,191,Site,59,1,concluído
5881,2026-02-16,236,App,41,4,concluído
5882,2025-01-24,181,Site,6,2,concluído
5883,2025-05-23,310,Marketplace,54,3,concluído
5884,2025-12-27,24,Site,10,2,concluído
5885,2026-01-10,78,App,41,1,concluído
5886,2025-02-25,357,Site,27,3,concluído
5887,2026-04-18,353,App,2,3,concluído
5888,2025-11-22,328,Marketplace,48,2,concluído
5889,2025-05-23,148,Site,42,3,concluído
5890,2026-03-28,183,Site,54,2,concluído
5891,2026-08-18,11,Site,37,3,concluído
5892,2025-09-12,112,Site,46,4,concluído
5893,2025-06-20,291,App,55,3,concluído
5894,2025-06-29,138,App,59,2,concluído
5895,2025-12-22,193,Site,34,1,concluído
5896,2025-01-29,50,Marketplace,2,3,cancelado
5897,2025-10-18,199,App,21,3,concluído
5898,2025-01-15,289,App,38,2,concluído
5899,2025-01-24,229,App,7,4,concluído
5900,2025-09-16,223,Site,7,2,cancelado
5901,2026-03-24,366,App,24,2,cancelado
5902,2026-06-15,94,Marketplace,55,3,concluído
5903,2025-02-22,120,App,20,1,concluído
5904,2025-05-27,250,Site,57,3,concluído
5905,2025-09-10,193,App,49,4,concluído
5906,2025-12-11,392,Site,19,4,concluído
5907,2026-08-16,24,App,14,2,concluído
5908,2026-02-15,49,Site,50,2,concluído
5909,2025-11-20,137,Marketplace,46,2,concluído
5910,2025-02-06,184,App,38,1,concluído
5911,2025-02-18,357,Marketplace,59,3,concluído
5912,2025-04-02,198,App,7,2,concluído
5913,2026-02-01,175,Site,24,1,concluído
5914,2025-07-18,67,Site,37,3,concluído
5915,2025-05-25,174,App,5,3,concluído
5916,2026-02-07,213,Site,59,1,concluído
5917,2026-05-05,234,App,35,2,concluído
5918,2025-09-21,243,Site,19,4,concluído
5919,2026-06-14,172,Site,15,3,concluído
5920,2026-03-17,63,Marketplace,1,4,concluído
5921,2026-03-06,62,App,36,2,concluído
5922,2026-06-05,62,Marketplace,59,2,concluído
5923,2025-04-21,248,App,3,2,concluído
5924,2026-04-01,343,Site,25,2,cancelado
5925,2026-07-29,354,App,40,1,concluído
5926,2026-08-19,125,App,26,1,concluído
5927,2025-12-13,32,App,40,4,concluído
5928,2026-03-29,253,Site,43,3,concluído
5929,2026-06-18,16,App,58,3,concluído
5930,2026-05-27,251,Site,37,3,cancelado
5931,2026-06-23,154,Marketplace,43,2,concluído
5932,2026-05-15,336,App,19,4,concluído
5933,2025-08-17,251,App,10,2,concluído
5934,2026-03-15,296,App,6,3,concluído
5935,2025-09-04,163,App,7,3,concluído
5936,2026-04-27,337,Site,50,1,concluído
5937,2026-05-02,211,Site,3,1,concluído
5938,2026-07-15,251,App,30,1,concluído
5939,2025-12-19,145,App,37,2,concluído
5940,2025-10-13,180,Site,41,1,concluído
5941,2025-04-10,337,App,4,1,concluído
5942,2026-01-18,158,Site,52,4,concluído
5943,2025-12-06,9,Marketplace,27,2,concluído
5944,2025-11-05,152,App,2,4,concluído
5945,2026-02-10,157,Site,8,2,concluído
5946,2026-05-26,168,Marketplace,52,4,concluído
5947,2025-03-31,29,Site,57,4,cancelado
5948,2025-09-16,52,Marketplace,46,4,cancelado
5949,2026-03-10,130,Marketplace,21,2,concluído
5950,2026-05-07,170,Site,57,1,concluído
5951,2026-04-13,12,Site,17,2,concluído
5952,2026-04-25,156,Site,15,3,concluído
5953,2026-05-29,129,Site,46,3,concluído
5954,2026-08-01,14,Site,20,3,concluído
5955,2025-12-31,101,App,32,4,concluído
5956,2025-05-30,111,Marketplace,40,1,concluído
5957,2025-12-05,58,App,10,2,concluído
5958,2026-03-02,301,App,56,2,concluído
5959,2025-03-02,29,App,10,1,concluído
5960,2026-03-31,232,App,60,3,concluído
5961,2025-11-23,267,Site,17,1,concluído
5962,2026-07-16,323,App,26,4,cancelado
5963,2025-05-08,219,Site,16,1,concluído
5964,2026-06-29,218,Site,33,1,concluído
5965,2025-09-26,305,App,1,1,concluído
5966,2025-12-11,342,App,11,4,concluído
5967,2026-02-01,85,Site,32,4,concluído
5968,2025-12-14,319,Site,42,4,concluído
5969,2026-06-27,185,App,58,4,concluído
5970,2025-04-11,40,App,51,4,concluído
5971,2026-03-14,245,App,56,2,concluído
5972,2026-08-08,391,App,48,1,concluído
5973,2025-05-13,57,App,47,2,concluído
5974,2025-06-03,6,Marketplace,21,1,concluído
5975,2025-10-13,367,App,55,1,concluído
5976,2026-03-11,239,App,58,3,concluído
5977,2026-07-30,88,Marketplace,31,1,concluído
5978,2026-04-23,318,Site,8,2,concluído
5979,2026-04-22,158,Site,3,2,concluído
5980,2025-09-22,133,Site,30,1,concluído
5981,2026-01-23,116,Marketplace,39,3,concluído
5982,2025-05-07,240,App,34,4,concluído
5983,2025-10-05,54,App,54,3,concluído
5984,2025-04-24,145,Marketplace,33,1,concluído
5985,2025-01-17,123,Marketplace,40,4,concluído
5986,2026-05-29,25,Marketplace,46,2,concluído
5987,2026-04-28,306,App,54,2,concluído
5988,2025-11-03,4,Marketplace,37,4,concluído
5989,2025-01-09,384,App,34,4,concluído
5990,2025-02-24,38,Site,5,2,concluído
5991,2025-03-09,144,Marketplace,39,2,concluído
5992,2026-03-07,40,App,11,4,concluído
5993,2025-05-03,147,App,23,1,concluído
5994,2025-05-31,245,Site,32,2,concluído
5995,2026-06-01,35,Marketplace,5,3,concluído
5996,2026-06-10,211,App,42,2,concluído
5997,2026-04-03,309,Marketplace,17,2,concluído
5998,2025-07-05,183,App,31,1,concluído
5999,2025-12-14,45,Site,22,2,concluído
6000,2025-05-01,277,App,22,2,concluído
